,0
"WHITE HANGING HEART T-LIGHT HOLDER,ASSORTED COLOUR BIRD ORNAMENT",323
"WHITE HANGING HEART T-LIGHT HOLDER,WOODEN PICTURE FRAME WHITE FINISH",410
"WHITE HANGING HEART T-LIGHT HOLDER,WOODEN FRAME ANTIQUE WHITE ",341
"WHITE HANGING HEART T-LIGHT HOLDER,RED HANGING HEART T-LIGHT HOLDER",500
"WHITE HANGING HEART T-LIGHT HOLDER,LUNCH BAG RED RETROSPOT",332
"WHITE HANGING HEART T-LIGHT HOLDER,JUMBO STORAGE BAG SUKI",304
"WHITE HANGING HEART T-LIGHT HOLDER,JUMBO SHOPPER VINTAGE RED PAISLEY",273
"WHITE HANGING HEART T-LIGHT HOLDER,NATURAL SLATE HEART CHALKBOARD ",416
"WHITE HANGING HEART T-LIGHT HOLDER,HEART OF WICKER SMALL",391
"WHITE HANGING HEART T-LIGHT HOLDER,HEART OF WICKER LARGE",358
"WHITE HANGING HEART T-LIGHT HOLDER,JUMBO BAG RED RETROSPOT",452
"WHITE HANGING HEART T-LIGHT HOLDER,CANDLEHOLDER PINK HANGING HEART",284
"WHITE HANGING HEART T-LIGHT HOLDER,VICTORIAN GLASS HANGING T-LIGHT",289
"WHITE HANGING HEART T-LIGHT HOLDER,REGENCY CAKESTAND 3 TIER",360
"WHITE HANGING HEART T-LIGHT HOLDER,RECIPE BOX PANTRY YELLOW DESIGN",295
"WHITE HANGING HEART T-LIGHT HOLDER,DOTCOM POSTAGE",272
"WHITE HANGING HEART T-LIGHT HOLDER,PARTY BUNTING",390
"WHITE HANGING HEART T-LIGHT HOLDER,SET OF 3 CAKE TINS PANTRY DESIGN ",326
"ASSORTED COLOUR BIRD ORNAMENT,WHITE HANGING HEART T-LIGHT HOLDER",323
"POPPY'S PLAYHOUSE BEDROOM ,POPPY'S PLAYHOUSE KITCHEN",314
"POPPY'S PLAYHOUSE KITCHEN,POPPY'S PLAYHOUSE BEDROOM ",314
"HOME BUILDING BLOCK WORD,LOVE BUILDING BLOCK WORD",297
"LOVE BUILDING BLOCK WORD,HOME BUILDING BLOCK WORD",297
"JAM MAKING SET WITH JARS,JAM MAKING SET PRINTED",475
"JAM MAKING SET WITH JARS,JUMBO BAG RED RETROSPOT",289
"JAM MAKING SET WITH JARS,REGENCY CAKESTAND 3 TIER",291
"JAM MAKING SET WITH JARS,RECIPE BOX PANTRY YELLOW DESIGN",342
"JAM MAKING SET WITH JARS,SET OF 3 CAKE TINS PANTRY DESIGN ",385
"JAM MAKING SET WITH JARS,SET OF 4 PANTRY JELLY MOULDS",310
"ALARM CLOCK BAKELIKE PINK,ALARM CLOCK BAKELIKE RED ",477
"ALARM CLOCK BAKELIKE PINK,ALARM CLOCK BAKELIKE GREEN",419
"ALARM CLOCK BAKELIKE PINK,ALARM CLOCK BAKELIKE IVORY",279
"ALARM CLOCK BAKELIKE RED ,ALARM CLOCK BAKELIKE PINK",477
"ALARM CLOCK BAKELIKE RED ,ALARM CLOCK BAKELIKE GREEN",646
"ALARM CLOCK BAKELIKE RED ,ALARM CLOCK BAKELIKE IVORY",377
"ALARM CLOCK BAKELIKE RED ,ALARM CLOCK BAKELIKE ORANGE",310
"ALARM CLOCK BAKELIKE RED ,REGENCY CAKESTAND 3 TIER",283
"ALARM CLOCK BAKELIKE RED ,ALARM CLOCK BAKELIKE CHOCOLATE",296
"ALARM CLOCK BAKELIKE GREEN,ALARM CLOCK BAKELIKE PINK",419
"ALARM CLOCK BAKELIKE GREEN,ALARM CLOCK BAKELIKE RED ",646
"ALARM CLOCK BAKELIKE GREEN,ALARM CLOCK BAKELIKE IVORY",336
"ALARM CLOCK BAKELIKE GREEN,ALARM CLOCK BAKELIKE ORANGE",277
"ALARM CLOCK BAKELIKE GREEN,ALARM CLOCK BAKELIKE CHOCOLATE",278
"VINTAGE HEADS AND TAILS CARD GAME ,VINTAGE SNAP CARDS",342
"ROUND SNACK BOXES SET OF4 WOODLAND ,ROUND SNACK BOXES SET OF 4 FRUITS ",313
"SPACEBOY LUNCH BOX ,DOLLY GIRL LUNCH BOX",538
"RED TOADSTOOL LED NIGHT LIGHT,JUMBO BAG RED RETROSPOT",298
"RED TOADSTOOL LED NIGHT LIGHT,DOTCOM POSTAGE",313
"PAPER CHAIN KIT 50'S CHRISTMAS ,PAPER CHAIN KIT VINTAGE CHRISTMAS",555
"PAPER CHAIN KIT 50'S CHRISTMAS ,60 CAKE CASES VINTAGE CHRISTMAS",273
"WOODEN PICTURE FRAME WHITE FINISH,WHITE HANGING HEART T-LIGHT HOLDER",410
"WOODEN PICTURE FRAME WHITE FINISH,WOODEN FRAME ANTIQUE WHITE ",545
"WOODEN PICTURE FRAME WHITE FINISH,JUMBO BAG RED RETROSPOT",285
"WOODEN FRAME ANTIQUE WHITE ,WHITE HANGING HEART T-LIGHT HOLDER",341
"WOODEN FRAME ANTIQUE WHITE ,WOODEN PICTURE FRAME WHITE FINISH",545
"HOT WATER BOTTLE TEA AND SYMPATHY,CHOCOLATE HOT WATER BOTTLE",336
"RED HANGING HEART T-LIGHT HOLDER,WHITE HANGING HEART T-LIGHT HOLDER",500
"JUMBO BAG PINK POLKADOT,JUMBO  BAG BAROQUE BLACK WHITE",417
"JUMBO BAG PINK POLKADOT,LUNCH BAG RED RETROSPOT",324
"JUMBO BAG PINK POLKADOT,JUMBO STORAGE BAG SUKI",518
"JUMBO BAG PINK POLKADOT,JUMBO BAG PINK VINTAGE PAISLEY",383
"JUMBO BAG PINK POLKADOT,JUMBO SHOPPER VINTAGE RED PAISLEY",472
"JUMBO BAG PINK POLKADOT,RECYCLING BAG RETROSPOT ",299
"JUMBO BAG PINK POLKADOT,JUMBO BAG RED RETROSPOT",833
"JUMBO BAG PINK POLKADOT,LUNCH BAG PINK POLKADOT",302
"JUMBO BAG PINK POLKADOT,JUMBO BAG OWLS",282
"JUMBO BAG PINK POLKADOT,JUMBO BAG STRAWBERRY",349
"JUMBO BAG PINK POLKADOT,JUMBO STORAGE BAG SKULLS",331
"JUMBO BAG PINK POLKADOT,JUMBO BAG WOODLAND ANIMALS",431
"JUMBO BAG PINK POLKADOT,JUMBO BAG TOYS ",282
"JUMBO BAG PINK POLKADOT,DOTCOM POSTAGE",345
"JUMBO BAG PINK POLKADOT,JUMBO BAG SPACEBOY DESIGN",341
"JUMBO BAG PINK POLKADOT,JUMBO BAG SCANDINAVIAN BLUE PAISLEY",320
"JUMBO BAG PINK POLKADOT,JUMBO BAG ALPHABET",273
"JUMBO BAG PINK POLKADOT,JUMBO BAG APPLES",369
"JUMBO  BAG BAROQUE BLACK WHITE,JUMBO BAG PINK POLKADOT",417
"JUMBO  BAG BAROQUE BLACK WHITE,JUMBO STORAGE BAG SUKI",423
"JUMBO  BAG BAROQUE BLACK WHITE,JUMBO BAG PINK VINTAGE PAISLEY",277
"JUMBO  BAG BAROQUE BLACK WHITE,JUMBO SHOPPER VINTAGE RED PAISLEY",424
"JUMBO  BAG BAROQUE BLACK WHITE,JUMBO BAG RED RETROSPOT",593
"JUMBO  BAG BAROQUE BLACK WHITE,JUMBO BAG STRAWBERRY",274
"JUMBO  BAG BAROQUE BLACK WHITE,JUMBO BAG WOODLAND ANIMALS",305
"JUMBO  BAG BAROQUE BLACK WHITE,DOTCOM POSTAGE",272
"JUMBO  BAG BAROQUE BLACK WHITE,JUMBO BAG APPLES",288
"STRAWBERRY CHARLOTTE BAG,LUNCH BAG RED RETROSPOT",304
"STRAWBERRY CHARLOTTE BAG,LUNCH BAG  BLACK SKULL.",283
"STRAWBERRY CHARLOTTE BAG,CHARLOTTE BAG SUKI DESIGN",418
"STRAWBERRY CHARLOTTE BAG,CHARLOTTE BAG PINK POLKADOT",382
"STRAWBERRY CHARLOTTE BAG,WOODLAND CHARLOTTE BAG",408
"STRAWBERRY CHARLOTTE BAG,RED RETROSPOT CHARLOTTE BAG",490
"SET/6 RED SPOTTY PAPER PLATES,SET/20 RED RETROSPOT PAPER NAPKINS ",370
"SET/6 RED SPOTTY PAPER PLATES,SET/6 RED SPOTTY PAPER CUPS",350
"LUNCH BAG RED RETROSPOT,WHITE HANGING HEART T-LIGHT HOLDER",332
"LUNCH BAG RED RETROSPOT,JUMBO BAG PINK POLKADOT",324
"LUNCH BAG RED RETROSPOT,STRAWBERRY CHARLOTTE BAG",304
"LUNCH BAG RED RETROSPOT,PACK OF 72 RETROSPOT CAKE CASES",352
"LUNCH BAG RED RETROSPOT,JUMBO STORAGE BAG SUKI",344
"LUNCH BAG RED RETROSPOT,JUMBO SHOPPER VINTAGE RED PAISLEY",287
"LUNCH BAG RED RETROSPOT,LUNCH BAG DOLLY GIRL DESIGN",358
"LUNCH BAG RED RETROSPOT,JUMBO BAG RED RETROSPOT",588
"LUNCH BAG RED RETROSPOT,LUNCH BAG SPACEBOY DESIGN ",563
"LUNCH BAG RED RETROSPOT,LUNCH BAG WOODLAND",532
"LUNCH BAG RED RETROSPOT,LUNCH BAG PINK POLKADOT",613
"LUNCH BAG RED RETROSPOT,LUNCH BAG CARS BLUE",561
"LUNCH BAG RED RETROSPOT,LUNCH BAG  BLACK SKULL.",648
"LUNCH BAG RED RETROSPOT,REGENCY CAKESTAND 3 TIER",277
"LUNCH BAG RED RETROSPOT,CHARLOTTE BAG SUKI DESIGN",348
"LUNCH BAG RED RETROSPOT,CHARLOTTE BAG PINK POLKADOT",307
"LUNCH BAG RED RETROSPOT,WOODLAND CHARLOTTE BAG",313
"LUNCH BAG RED RETROSPOT,RED RETROSPOT CHARLOTTE BAG",397
"LUNCH BAG RED RETROSPOT,PARTY BUNTING",323
"LUNCH BAG RED RETROSPOT,LUNCH BAG SUKI DESIGN ",564
"LUNCH BAG RED RETROSPOT,LUNCH BAG ALPHABET DESIGN",314
"LUNCH BAG RED RETROSPOT,JUMBO BAG APPLES",273
"LUNCH BAG RED RETROSPOT,LUNCH BAG APPLE DESIGN",490
"LUNCH BAG RED RETROSPOT,LUNCH BAG VINTAGE LEAF DESIGN",307
"LUNCH BAG RED RETROSPOT,LUNCH BAG VINTAGE DOILY ",279
"PACK OF 72 RETROSPOT CAKE CASES,LUNCH BAG RED RETROSPOT",352
"PACK OF 72 RETROSPOT CAKE CASES,PACK OF 60 DINOSAUR CAKE CASES",320
"PACK OF 72 RETROSPOT CAKE CASES,PACK OF 60 PINK PAISLEY CAKE CASES",433
"PACK OF 72 RETROSPOT CAKE CASES,60 TEATIME FAIRY CAKE CASES",458
"PACK OF 72 RETROSPOT CAKE CASES,JAM MAKING SET PRINTED",275
"PACK OF 72 RETROSPOT CAKE CASES,JUMBO BAG RED RETROSPOT",333
"PACK OF 72 RETROSPOT CAKE CASES,SET/20 RED RETROSPOT PAPER NAPKINS ",302
"PACK OF 72 RETROSPOT CAKE CASES,PACK OF 72 SKULL CAKE CASES",373
"PACK OF 72 RETROSPOT CAKE CASES,PACK OF 60 SPACEBOY CAKE CASES",301
"PACK OF 72 RETROSPOT CAKE CASES,72 SWEETHEART FAIRY CAKE CASES",303
"PACK OF 72 RETROSPOT CAKE CASES,LUNCH BAG  BLACK SKULL.",281
"PACK OF 72 RETROSPOT CAKE CASES,REGENCY CAKESTAND 3 TIER",359
"PACK OF 72 RETROSPOT CAKE CASES,RECIPE BOX PANTRY YELLOW DESIGN",271
"PACK OF 72 RETROSPOT CAKE CASES,CHARLOTTE BAG SUKI DESIGN",276
"PACK OF 72 RETROSPOT CAKE CASES,WOODLAND CHARLOTTE BAG",280
"PACK OF 72 RETROSPOT CAKE CASES,RED RETROSPOT CHARLOTTE BAG",322
"PACK OF 72 RETROSPOT CAKE CASES,PARTY BUNTING",306
"PACK OF 60 DINOSAUR CAKE CASES,PACK OF 72 RETROSPOT CAKE CASES",320
"PACK OF 60 PINK PAISLEY CAKE CASES,PACK OF 72 RETROSPOT CAKE CASES",433
"PACK OF 60 PINK PAISLEY CAKE CASES,60 TEATIME FAIRY CAKE CASES",354
"60 TEATIME FAIRY CAKE CASES,PACK OF 72 RETROSPOT CAKE CASES",458
"60 TEATIME FAIRY CAKE CASES,PACK OF 60 PINK PAISLEY CAKE CASES",354
"60 TEATIME FAIRY CAKE CASES,72 SWEETHEART FAIRY CAKE CASES",278
"JUMBO STORAGE BAG SUKI,WHITE HANGING HEART T-LIGHT HOLDER",304
"JUMBO STORAGE BAG SUKI,JUMBO BAG PINK POLKADOT",518
"JUMBO STORAGE BAG SUKI,JUMBO  BAG BAROQUE BLACK WHITE",423
"JUMBO STORAGE BAG SUKI,LUNCH BAG RED RETROSPOT",344
"JUMBO STORAGE BAG SUKI,JUMBO BAG PINK VINTAGE PAISLEY",366
"JUMBO STORAGE BAG SUKI,JUMBO SHOPPER VINTAGE RED PAISLEY",525
"JUMBO STORAGE BAG SUKI,RECYCLING BAG RETROSPOT ",296
"JUMBO STORAGE BAG SUKI,JUMBO BAG RED RETROSPOT",733
"JUMBO STORAGE BAG SUKI,LUNCH BAG  BLACK SKULL.",283
"JUMBO STORAGE BAG SUKI,JUMBO BAG OWLS",319
"JUMBO STORAGE BAG SUKI,JUMBO BAG STRAWBERRY",317
"JUMBO STORAGE BAG SUKI,JUMBO STORAGE BAG SKULLS",367
"JUMBO STORAGE BAG SUKI,JUMBO BAG WOODLAND ANIMALS",450
"JUMBO STORAGE BAG SUKI,CHARLOTTE BAG SUKI DESIGN",283
"JUMBO STORAGE BAG SUKI,JUMBO BAG TOYS ",298
"JUMBO STORAGE BAG SUKI,DOTCOM POSTAGE",395
"JUMBO STORAGE BAG SUKI,RED RETROSPOT CHARLOTTE BAG",279
"JUMBO STORAGE BAG SUKI,JUMBO BAG SPACEBOY DESIGN",347
"JUMBO STORAGE BAG SUKI,LUNCH BAG SUKI DESIGN ",306
"JUMBO STORAGE BAG SUKI,JUMBO BAG SCANDINAVIAN BLUE PAISLEY",303
"JUMBO STORAGE BAG SUKI,JUMBO BAG ALPHABET",295
"JUMBO STORAGE BAG SUKI,JUMBO BAG APPLES",379
"JUMBO BAG PINK VINTAGE PAISLEY,JUMBO BAG PINK POLKADOT",383
"JUMBO BAG PINK VINTAGE PAISLEY,JUMBO  BAG BAROQUE BLACK WHITE",277
"JUMBO BAG PINK VINTAGE PAISLEY,JUMBO STORAGE BAG SUKI",366
"JUMBO BAG PINK VINTAGE PAISLEY,JUMBO SHOPPER VINTAGE RED PAISLEY",422
"JUMBO BAG PINK VINTAGE PAISLEY,JUMBO BAG RED RETROSPOT",522
"JUMBO BAG PINK VINTAGE PAISLEY,JUMBO BAG STRAWBERRY",289
"JUMBO BAG PINK VINTAGE PAISLEY,JUMBO BAG WOODLAND ANIMALS",280
"JUMBO BAG PINK VINTAGE PAISLEY,JUMBO BAG SCANDINAVIAN BLUE PAISLEY",346
"JAM MAKING SET PRINTED,JAM MAKING SET WITH JARS",475
"JAM MAKING SET PRINTED,PACK OF 72 RETROSPOT CAKE CASES",275
"JAM MAKING SET PRINTED,JUMBO BAG RED RETROSPOT",312
"JAM MAKING SET PRINTED,REGENCY CAKESTAND 3 TIER",296
"JAM MAKING SET PRINTED,RECIPE BOX PANTRY YELLOW DESIGN",331
"JAM MAKING SET PRINTED,DOTCOM POSTAGE",296
"JAM MAKING SET PRINTED,SET OF 3 CAKE TINS PANTRY DESIGN ",348
"JAM MAKING SET PRINTED,SET OF 4 PANTRY JELLY MOULDS",278
"JUMBO SHOPPER VINTAGE RED PAISLEY,WHITE HANGING HEART T-LIGHT HOLDER",273
"JUMBO SHOPPER VINTAGE RED PAISLEY,JUMBO BAG PINK POLKADOT",472
"JUMBO SHOPPER VINTAGE RED PAISLEY,JUMBO  BAG BAROQUE BLACK WHITE",424
"JUMBO SHOPPER VINTAGE RED PAISLEY,LUNCH BAG RED RETROSPOT",287
"JUMBO SHOPPER VINTAGE RED PAISLEY,JUMBO STORAGE BAG SUKI",525
"JUMBO SHOPPER VINTAGE RED PAISLEY,JUMBO BAG PINK VINTAGE PAISLEY",422
"JUMBO SHOPPER VINTAGE RED PAISLEY,JUMBO BAG RED RETROSPOT",683
"JUMBO SHOPPER VINTAGE RED PAISLEY,JUMBO STORAGE BAG SKULLS",301
"JUMBO SHOPPER VINTAGE RED PAISLEY,JUMBO BAG WOODLAND ANIMALS",390
"JUMBO SHOPPER VINTAGE RED PAISLEY,DOTCOM POSTAGE",363
"JUMBO SHOPPER VINTAGE RED PAISLEY,JUMBO BAG SPACEBOY DESIGN",275
"JUMBO SHOPPER VINTAGE RED PAISLEY,JUMBO BAG SCANDINAVIAN BLUE PAISLEY",353
"JUMBO SHOPPER VINTAGE RED PAISLEY,JUMBO BAG APPLES",336
"COOK WITH WINE METAL SIGN ,GIN + TONIC DIET METAL SIGN",307
"COOK WITH WINE METAL SIGN ,HAND OVER THE CHOCOLATE   SIGN ",297
"COOK WITH WINE METAL SIGN ,PLEASE ONE PERSON METAL SIGN",306
"GIN + TONIC DIET METAL SIGN,COOK WITH WINE METAL SIGN ",307
"GIN + TONIC DIET METAL SIGN,HAND OVER THE CHOCOLATE   SIGN ",274
"GIN + TONIC DIET METAL SIGN,PLEASE ONE PERSON METAL SIGN",276
"RECYCLING BAG RETROSPOT ,JUMBO BAG PINK POLKADOT",299
"RECYCLING BAG RETROSPOT ,JUMBO STORAGE BAG SUKI",296
"RECYCLING BAG RETROSPOT ,TOY TIDY PINK POLKADOT",275
"RECYCLING BAG RETROSPOT ,JUMBO BAG RED RETROSPOT",415
"RECYCLING BAG RETROSPOT ,JUMBO BAG WOODLAND ANIMALS",274
"RECYCLING BAG RETROSPOT ,DOTCOM POSTAGE",338
"TOY TIDY PINK POLKADOT,RECYCLING BAG RETROSPOT ",275
"NATURAL SLATE HEART CHALKBOARD ,WHITE HANGING HEART T-LIGHT HOLDER",416
"NATURAL SLATE HEART CHALKBOARD ,HEART OF WICKER SMALL",297
"NATURAL SLATE HEART CHALKBOARD ,JUMBO BAG RED RETROSPOT",319
"NATURAL SLATE HEART CHALKBOARD ,DOTCOM POSTAGE",290
"HEART OF WICKER SMALL,WHITE HANGING HEART T-LIGHT HOLDER",391
"HEART OF WICKER SMALL,NATURAL SLATE HEART CHALKBOARD ",297
"HEART OF WICKER SMALL,HEART OF WICKER LARGE",494
"HEART OF WICKER LARGE,WHITE HANGING HEART T-LIGHT HOLDER",358
"HEART OF WICKER LARGE,HEART OF WICKER SMALL",494
"JUMBO BAG DOLLY GIRL DESIGN,JUMBO BAG RED RETROSPOT",276
"LUNCH BAG DOLLY GIRL DESIGN,LUNCH BAG RED RETROSPOT",358
"LUNCH BAG DOLLY GIRL DESIGN,LUNCH BAG SPACEBOY DESIGN ",388
"LUNCH BAG DOLLY GIRL DESIGN,LUNCH BAG WOODLAND",285
"LUNCH BAG DOLLY GIRL DESIGN,LUNCH BAG CARS BLUE",277
"LUNCH BAG DOLLY GIRL DESIGN,LUNCH BAG  BLACK SKULL.",302
"LUNCH BAG DOLLY GIRL DESIGN,LUNCH BAG SUKI DESIGN ",284
"JUMBO BAG RED RETROSPOT,WHITE HANGING HEART T-LIGHT HOLDER",452
"JUMBO BAG RED RETROSPOT,JAM MAKING SET WITH JARS",289
"JUMBO BAG RED RETROSPOT,RED TOADSTOOL LED NIGHT LIGHT",298
"JUMBO BAG RED RETROSPOT,WOODEN PICTURE FRAME WHITE FINISH",285
"JUMBO BAG RED RETROSPOT,JUMBO BAG PINK POLKADOT",833
"JUMBO BAG RED RETROSPOT,JUMBO  BAG BAROQUE BLACK WHITE",593
"JUMBO BAG RED RETROSPOT,LUNCH BAG RED RETROSPOT",588
"JUMBO BAG RED RETROSPOT,PACK OF 72 RETROSPOT CAKE CASES",333
"JUMBO BAG RED RETROSPOT,JUMBO STORAGE BAG SUKI",733
"JUMBO BAG RED RETROSPOT,JUMBO BAG PINK VINTAGE PAISLEY",522
"JUMBO BAG RED RETROSPOT,JAM MAKING SET PRINTED",312
"JUMBO BAG RED RETROSPOT,JUMBO SHOPPER VINTAGE RED PAISLEY",683
"JUMBO BAG RED RETROSPOT,RECYCLING BAG RETROSPOT ",415
"JUMBO BAG RED RETROSPOT,NATURAL SLATE HEART CHALKBOARD ",319
"JUMBO BAG RED RETROSPOT,JUMBO BAG DOLLY GIRL DESIGN",276
"JUMBO BAG RED RETROSPOT,SET/20 RED RETROSPOT PAPER NAPKINS ",287
"JUMBO BAG RED RETROSPOT,LUNCH BAG SPACEBOY DESIGN ",284
"JUMBO BAG RED RETROSPOT,LUNCH BAG WOODLAND",293
"JUMBO BAG RED RETROSPOT,LUNCH BAG PINK POLKADOT",368
"JUMBO BAG RED RETROSPOT,LUNCH BAG CARS BLUE",327
"JUMBO BAG RED RETROSPOT,LUNCH BAG  BLACK SKULL.",384
"JUMBO BAG RED RETROSPOT,JUMBO BAG OWLS",394
"JUMBO BAG RED RETROSPOT,JUMBO BAG STRAWBERRY",545
"JUMBO BAG RED RETROSPOT,REGENCY CAKESTAND 3 TIER",288
"JUMBO BAG RED RETROSPOT,JUMBO STORAGE BAG SKULLS",415
"JUMBO BAG RED RETROSPOT,GREEN REGENCY TEACUP AND SAUCER",271
"JUMBO BAG RED RETROSPOT,JUMBO BAG WOODLAND ANIMALS",538
"JUMBO BAG RED RETROSPOT,RECIPE BOX PANTRY YELLOW DESIGN",289
"JUMBO BAG RED RETROSPOT,CHARLOTTE BAG SUKI DESIGN",328
"JUMBO BAG RED RETROSPOT,JUMBO BAG TOYS ",348
"JUMBO BAG RED RETROSPOT,SUKI  SHOULDER BAG",282
"JUMBO BAG RED RETROSPOT,CHARLOTTE BAG PINK POLKADOT",283
"JUMBO BAG RED RETROSPOT,DOTCOM POSTAGE",485
"JUMBO BAG RED RETROSPOT,WOODLAND CHARLOTTE BAG",302
"JUMBO BAG RED RETROSPOT,RED RETROSPOT CHARLOTTE BAG",433
"JUMBO BAG RED RETROSPOT,RED RETROSPOT SHOPPER BAG",290
"JUMBO BAG RED RETROSPOT,JUMBO BAG SPACEBOY DESIGN",432
"JUMBO BAG RED RETROSPOT,PARTY BUNTING",332
"JUMBO BAG RED RETROSPOT,SET OF 3 CAKE TINS PANTRY DESIGN ",308
"JUMBO BAG RED RETROSPOT,LUNCH BAG SUKI DESIGN ",331
"JUMBO BAG RED RETROSPOT,JUMBO BAG SCANDINAVIAN BLUE PAISLEY",452
"JUMBO BAG RED RETROSPOT,JUMBO BAG ALPHABET",420
"JUMBO BAG RED RETROSPOT,JUMBO BAG APPLES",555
"JUMBO BAG RED RETROSPOT,LUNCH BAG APPLE DESIGN",299
"JUMBO BAG RED RETROSPOT,JUMBO BAG VINTAGE LEAF",427
"JUMBO BAG RED RETROSPOT,JUMBO BAG PEARS",294
"JUMBO BAG RED RETROSPOT,JUMBO BAG VINTAGE DOILY ",360
"HANGING HEART ZINC T-LIGHT HOLDER,SINGLE HEART ZINC T-LIGHT HOLDER",280
"PAPER CHAIN KIT VINTAGE CHRISTMAS,PAPER CHAIN KIT 50'S CHRISTMAS ",555
"SET/20 RED RETROSPOT PAPER NAPKINS ,SET/6 RED SPOTTY PAPER PLATES",370
"SET/20 RED RETROSPOT PAPER NAPKINS ,PACK OF 72 RETROSPOT CAKE CASES",302
"SET/20 RED RETROSPOT PAPER NAPKINS ,JUMBO BAG RED RETROSPOT",287
"SET/20 RED RETROSPOT PAPER NAPKINS ,SET/6 RED SPOTTY PAPER CUPS",296
"SET/6 RED SPOTTY PAPER CUPS,SET/6 RED SPOTTY PAPER PLATES",350
"SET/6 RED SPOTTY PAPER CUPS,SET/20 RED RETROSPOT PAPER NAPKINS ",296
"PLASTERS IN TIN CIRCUS PARADE ,PLASTERS IN TIN WOODLAND ANIMALS",283
"HAND WARMER SCOTTY DOG DESIGN,HAND WARMER OWL DESIGN",335
"HAND WARMER SCOTTY DOG DESIGN,HAND WARMER BIRD DESIGN",286
"HAND WARMER OWL DESIGN,HAND WARMER SCOTTY DOG DESIGN",335
"HAND WARMER OWL DESIGN,HAND WARMER BIRD DESIGN",312
"HAND OVER THE CHOCOLATE   SIGN ,COOK WITH WINE METAL SIGN ",297
"HAND OVER THE CHOCOLATE   SIGN ,GIN + TONIC DIET METAL SIGN",274
"ALARM CLOCK BAKELIKE IVORY,ALARM CLOCK BAKELIKE PINK",279
"ALARM CLOCK BAKELIKE IVORY,ALARM CLOCK BAKELIKE RED ",377
"ALARM CLOCK BAKELIKE IVORY,ALARM CLOCK BAKELIKE GREEN",336
"ALARM CLOCK BAKELIKE ORANGE,ALARM CLOCK BAKELIKE RED ",310
"ALARM CLOCK BAKELIKE ORANGE,ALARM CLOCK BAKELIKE GREEN",277
"HAND WARMER BIRD DESIGN,HAND WARMER SCOTTY DOG DESIGN",286
"HAND WARMER BIRD DESIGN,HAND WARMER OWL DESIGN",312
"STRAWBERRY CERAMIC TRINKET BOX,SWEETHEART CERAMIC TRINKET BOX",290
"HOT WATER BOTTLE I AM SO POORLY,CHOCOLATE HOT WATER BOTTLE",395
"CHOCOLATE HOT WATER BOTTLE,HOT WATER BOTTLE TEA AND SYMPATHY",336
"CHOCOLATE HOT WATER BOTTLE,HOT WATER BOTTLE I AM SO POORLY",395
"CHOCOLATE HOT WATER BOTTLE,SCOTTIE DOG HOT WATER BOTTLE",312
"CHOCOLATE HOT WATER BOTTLE,HOT WATER BOTTLE KEEP CALM",271
"SCOTTIE DOG HOT WATER BOTTLE,CHOCOLATE HOT WATER BOTTLE",312
"BATHROOM METAL SIGN,TOILET METAL SIGN",294
"TOILET METAL SIGN,BATHROOM METAL SIGN",294
"CANDLEHOLDER PINK HANGING HEART,WHITE HANGING HEART T-LIGHT HOLDER",284
"LUNCH BAG SPACEBOY DESIGN ,LUNCH BAG RED RETROSPOT",563
"LUNCH BAG SPACEBOY DESIGN ,LUNCH BAG DOLLY GIRL DESIGN",388
"LUNCH BAG SPACEBOY DESIGN ,JUMBO BAG RED RETROSPOT",284
"LUNCH BAG SPACEBOY DESIGN ,LUNCH BAG WOODLAND",483
"LUNCH BAG SPACEBOY DESIGN ,LUNCH BAG PINK POLKADOT",431
"LUNCH BAG SPACEBOY DESIGN ,LUNCH BAG CARS BLUE",487
"LUNCH BAG SPACEBOY DESIGN ,LUNCH BAG  BLACK SKULL.",513
"LUNCH BAG SPACEBOY DESIGN ,RED RETROSPOT CHARLOTTE BAG",290
"LUNCH BAG SPACEBOY DESIGN ,LUNCH BAG SUKI DESIGN ",459
"LUNCH BAG SPACEBOY DESIGN ,LUNCH BAG ALPHABET DESIGN",307
"LUNCH BAG SPACEBOY DESIGN ,LUNCH BAG APPLE DESIGN",395
"LUNCH BAG WOODLAND,LUNCH BAG RED RETROSPOT",532
"LUNCH BAG WOODLAND,LUNCH BAG DOLLY GIRL DESIGN",285
"LUNCH BAG WOODLAND,JUMBO BAG RED RETROSPOT",293
"LUNCH BAG WOODLAND,LUNCH BAG SPACEBOY DESIGN ",483
"LUNCH BAG WOODLAND,LUNCH BAG PINK POLKADOT",401
"LUNCH BAG WOODLAND,LUNCH BAG CARS BLUE",455
"LUNCH BAG WOODLAND,LUNCH BAG  BLACK SKULL.",449
"LUNCH BAG WOODLAND,WOODLAND CHARLOTTE BAG",281
"LUNCH BAG WOODLAND,LUNCH BAG SUKI DESIGN ",392
"LUNCH BAG WOODLAND,LUNCH BAG APPLE DESIGN",371
"LUNCH BAG PINK POLKADOT,JUMBO BAG PINK POLKADOT",302
"LUNCH BAG PINK POLKADOT,LUNCH BAG RED RETROSPOT",613
"LUNCH BAG PINK POLKADOT,JUMBO BAG RED RETROSPOT",368
"LUNCH BAG PINK POLKADOT,LUNCH BAG SPACEBOY DESIGN ",431
"LUNCH BAG PINK POLKADOT,LUNCH BAG WOODLAND",401
"LUNCH BAG PINK POLKADOT,LUNCH BAG CARS BLUE",507
"LUNCH BAG PINK POLKADOT,LUNCH BAG  BLACK SKULL.",547
"LUNCH BAG PINK POLKADOT,RED RETROSPOT CHARLOTTE BAG",278
"LUNCH BAG PINK POLKADOT,LUNCH BAG SUKI DESIGN ",419
"LUNCH BAG PINK POLKADOT,LUNCH BAG APPLE DESIGN",351
"SET OF 3 BUTTERFLY COOKIE CUTTERS,SET OF 3 HEART COOKIE CUTTERS",313
"SET OF 3 HEART COOKIE CUTTERS,SET OF 3 BUTTERFLY COOKIE CUTTERS",313
"PACK OF 72 SKULL CAKE CASES,PACK OF 72 RETROSPOT CAKE CASES",373
"PACK OF 60 SPACEBOY CAKE CASES,PACK OF 72 RETROSPOT CAKE CASES",301
"72 SWEETHEART FAIRY CAKE CASES,PACK OF 72 RETROSPOT CAKE CASES",303
"72 SWEETHEART FAIRY CAKE CASES,60 TEATIME FAIRY CAKE CASES",278
"LUNCH BAG CARS BLUE,LUNCH BAG RED RETROSPOT",561
"LUNCH BAG CARS BLUE,LUNCH BAG DOLLY GIRL DESIGN",277
"LUNCH BAG CARS BLUE,JUMBO BAG RED RETROSPOT",327
"LUNCH BAG CARS BLUE,LUNCH BAG SPACEBOY DESIGN ",487
"LUNCH BAG CARS BLUE,LUNCH BAG WOODLAND",455
"LUNCH BAG CARS BLUE,LUNCH BAG PINK POLKADOT",507
"LUNCH BAG CARS BLUE,LUNCH BAG  BLACK SKULL.",526
"LUNCH BAG CARS BLUE,CHARLOTTE BAG SUKI DESIGN",274
"LUNCH BAG CARS BLUE,RED RETROSPOT CHARLOTTE BAG",307
"LUNCH BAG CARS BLUE,LUNCH BAG SUKI DESIGN ",475
"LUNCH BAG CARS BLUE,LUNCH BAG ALPHABET DESIGN",286
"LUNCH BAG CARS BLUE,LUNCH BAG APPLE DESIGN",368
"LUNCH BAG  BLACK SKULL.,STRAWBERRY CHARLOTTE BAG",283
"LUNCH BAG  BLACK SKULL.,LUNCH BAG RED RETROSPOT",648
"LUNCH BAG  BLACK SKULL.,PACK OF 72 RETROSPOT CAKE CASES",281
"LUNCH BAG  BLACK SKULL.,JUMBO STORAGE BAG SUKI",283
"LUNCH BAG  BLACK SKULL.,LUNCH BAG DOLLY GIRL DESIGN",302
"LUNCH BAG  BLACK SKULL.,JUMBO BAG RED RETROSPOT",384
"LUNCH BAG  BLACK SKULL.,LUNCH BAG SPACEBOY DESIGN ",513
"LUNCH BAG  BLACK SKULL.,LUNCH BAG WOODLAND",449
"LUNCH BAG  BLACK SKULL.,LUNCH BAG PINK POLKADOT",547
"LUNCH BAG  BLACK SKULL.,LUNCH BAG CARS BLUE",526
"LUNCH BAG  BLACK SKULL.,CHARLOTTE BAG SUKI DESIGN",306
"LUNCH BAG  BLACK SKULL.,CHARLOTTE BAG PINK POLKADOT",272
"LUNCH BAG  BLACK SKULL.,WOODLAND CHARLOTTE BAG",286
"LUNCH BAG  BLACK SKULL.,RED RETROSPOT CHARLOTTE BAG",354
"LUNCH BAG  BLACK SKULL.,LUNCH BAG SUKI DESIGN ",518
"LUNCH BAG  BLACK SKULL.,LUNCH BAG ALPHABET DESIGN",305
"LUNCH BAG  BLACK SKULL.,LUNCH BAG APPLE DESIGN",415
"LUNCH BAG  BLACK SKULL.,LUNCH BAG VINTAGE LEAF DESIGN",294
"RED  HARMONICA IN BOX ,BLUE HARMONICA IN BOX ",316
"BLUE HARMONICA IN BOX ,RED  HARMONICA IN BOX ",316
"VICTORIAN GLASS HANGING T-LIGHT,WHITE HANGING HEART T-LIGHT HOLDER",289
"SINGLE HEART ZINC T-LIGHT HOLDER,HANGING HEART ZINC T-LIGHT HOLDER",280
"JUMBO BAG OWLS,JUMBO BAG PINK POLKADOT",282
"JUMBO BAG OWLS,JUMBO STORAGE BAG SUKI",319
"JUMBO BAG OWLS,JUMBO BAG RED RETROSPOT",394
"JUMBO BAG OWLS,JUMBO BAG WOODLAND ANIMALS",283
"JUMBO BAG STRAWBERRY,JUMBO BAG PINK POLKADOT",349
"JUMBO BAG STRAWBERRY,JUMBO  BAG BAROQUE BLACK WHITE",274
"JUMBO BAG STRAWBERRY,JUMBO STORAGE BAG SUKI",317
"JUMBO BAG STRAWBERRY,JUMBO BAG PINK VINTAGE PAISLEY",289
"JUMBO BAG STRAWBERRY,JUMBO BAG RED RETROSPOT",545
"ROUND SNACK BOXES SET OF 4 FRUITS ,ROUND SNACK BOXES SET OF4 WOODLAND ",313
"DOLLY GIRL LUNCH BOX,SPACEBOY LUNCH BOX ",538
"CHRISTMAS CRAFT TREE TOP ANGEL,CHRISTMAS CRAFT LITTLE FRIENDS",278
"CHRISTMAS CRAFT LITTLE FRIENDS,CHRISTMAS CRAFT TREE TOP ANGEL",278
"60 CAKE CASES VINTAGE CHRISTMAS,PAPER CHAIN KIT 50'S CHRISTMAS ",273
"60 CAKE CASES VINTAGE CHRISTMAS,SET OF 20 VINTAGE CHRISTMAS NAPKINS",273
"SET OF 20 VINTAGE CHRISTMAS NAPKINS,60 CAKE CASES VINTAGE CHRISTMAS",273
"VINTAGE SNAP CARDS,VINTAGE HEADS AND TAILS CARD GAME ",342
"PLASTERS IN TIN SPACEBOY,PLASTERS IN TIN WOODLAND ANIMALS",342
"PLASTERS IN TIN WOODLAND ANIMALS,PLASTERS IN TIN CIRCUS PARADE ",283
"PLASTERS IN TIN WOODLAND ANIMALS,PLASTERS IN TIN SPACEBOY",342
"WOODEN HEART CHRISTMAS SCANDINAVIAN,WOODEN STAR CHRISTMAS SCANDINAVIAN",389
"REGENCY CAKESTAND 3 TIER,WHITE HANGING HEART T-LIGHT HOLDER",360
"REGENCY CAKESTAND 3 TIER,JAM MAKING SET WITH JARS",291
"REGENCY CAKESTAND 3 TIER,ALARM CLOCK BAKELIKE RED ",283
"REGENCY CAKESTAND 3 TIER,LUNCH BAG RED RETROSPOT",277
"REGENCY CAKESTAND 3 TIER,PACK OF 72 RETROSPOT CAKE CASES",359
"REGENCY CAKESTAND 3 TIER,JAM MAKING SET PRINTED",296
"REGENCY CAKESTAND 3 TIER,JUMBO BAG RED RETROSPOT",288
"REGENCY CAKESTAND 3 TIER,ROSES REGENCY TEACUP AND SAUCER ",537
"REGENCY CAKESTAND 3 TIER,GREEN REGENCY TEACUP AND SAUCER",518
"REGENCY CAKESTAND 3 TIER,RECIPE BOX PANTRY YELLOW DESIGN",301
"REGENCY CAKESTAND 3 TIER,PARTY BUNTING",398
"REGENCY CAKESTAND 3 TIER,PINK REGENCY TEACUP AND SAUCER",402
"REGENCY CAKESTAND 3 TIER,SET OF 3 CAKE TINS PANTRY DESIGN ",320
"REGENCY CAKESTAND 3 TIER,SET OF 3 REGENCY CAKE TINS",313
"JUMBO STORAGE BAG SKULLS,JUMBO BAG PINK POLKADOT",331
"JUMBO STORAGE BAG SKULLS,JUMBO STORAGE BAG SUKI",367
"JUMBO STORAGE BAG SKULLS,JUMBO SHOPPER VINTAGE RED PAISLEY",301
"JUMBO STORAGE BAG SKULLS,JUMBO BAG RED RETROSPOT",415
"JUMBO STORAGE BAG SKULLS,JUMBO BAG WOODLAND ANIMALS",279
"PINK CREAM FELT CRAFT TRINKET BOX ,PINK BLUE FELT CRAFT TRINKET BOX",271
"ROSES REGENCY TEACUP AND SAUCER ,REGENCY CAKESTAND 3 TIER",537
"ROSES REGENCY TEACUP AND SAUCER ,GREEN REGENCY TEACUP AND SAUCER",784
"ROSES REGENCY TEACUP AND SAUCER ,DOTCOM POSTAGE",287
"ROSES REGENCY TEACUP AND SAUCER ,PINK REGENCY TEACUP AND SAUCER",614
"ROSES REGENCY TEACUP AND SAUCER ,REGENCY TEA PLATE ROSES ",279
"GREEN REGENCY TEACUP AND SAUCER,JUMBO BAG RED RETROSPOT",271
"GREEN REGENCY TEACUP AND SAUCER,REGENCY CAKESTAND 3 TIER",518
"GREEN REGENCY TEACUP AND SAUCER,ROSES REGENCY TEACUP AND SAUCER ",784
"GREEN REGENCY TEACUP AND SAUCER,DOTCOM POSTAGE",331
"GREEN REGENCY TEACUP AND SAUCER,PINK REGENCY TEACUP AND SAUCER",644
"RED KITCHEN SCALES,IVORY KITCHEN SCALES",302
"IVORY KITCHEN SCALES,RED KITCHEN SCALES",302
"JUMBO BAG WOODLAND ANIMALS,JUMBO BAG PINK POLKADOT",431
"JUMBO BAG WOODLAND ANIMALS,JUMBO  BAG BAROQUE BLACK WHITE",305
"JUMBO BAG WOODLAND ANIMALS,JUMBO STORAGE BAG SUKI",450
"JUMBO BAG WOODLAND ANIMALS,JUMBO BAG PINK VINTAGE PAISLEY",280
"JUMBO BAG WOODLAND ANIMALS,JUMBO SHOPPER VINTAGE RED PAISLEY",390
"JUMBO BAG WOODLAND ANIMALS,RECYCLING BAG RETROSPOT ",274
"JUMBO BAG WOODLAND ANIMALS,JUMBO BAG RED RETROSPOT",538
"JUMBO BAG WOODLAND ANIMALS,JUMBO BAG OWLS",283
"JUMBO BAG WOODLAND ANIMALS,JUMBO STORAGE BAG SKULLS",279
"JUMBO BAG WOODLAND ANIMALS,JUMBO BAG TOYS ",289
"JUMBO BAG WOODLAND ANIMALS,DOTCOM POSTAGE",361
"JUMBO BAG WOODLAND ANIMALS,JUMBO BAG SPACEBOY DESIGN",292
"JUMBO BAG WOODLAND ANIMALS,JUMBO BAG APPLES",304
"RECIPE BOX PANTRY YELLOW DESIGN,WHITE HANGING HEART T-LIGHT HOLDER",295
"RECIPE BOX PANTRY YELLOW DESIGN,JAM MAKING SET WITH JARS",342
"RECIPE BOX PANTRY YELLOW DESIGN,PACK OF 72 RETROSPOT CAKE CASES",271
"RECIPE BOX PANTRY YELLOW DESIGN,JAM MAKING SET PRINTED",331
"RECIPE BOX PANTRY YELLOW DESIGN,JUMBO BAG RED RETROSPOT",289
"RECIPE BOX PANTRY YELLOW DESIGN,REGENCY CAKESTAND 3 TIER",301
"RECIPE BOX PANTRY YELLOW DESIGN,SET OF 3 CAKE TINS PANTRY DESIGN ",398
"RECIPE BOX PANTRY YELLOW DESIGN,SET OF 4 PANTRY JELLY MOULDS",276
"CHARLOTTE BAG SUKI DESIGN,STRAWBERRY CHARLOTTE BAG",418
"CHARLOTTE BAG SUKI DESIGN,LUNCH BAG RED RETROSPOT",348
"CHARLOTTE BAG SUKI DESIGN,PACK OF 72 RETROSPOT CAKE CASES",276
"CHARLOTTE BAG SUKI DESIGN,JUMBO STORAGE BAG SUKI",283
"CHARLOTTE BAG SUKI DESIGN,JUMBO BAG RED RETROSPOT",328
"CHARLOTTE BAG SUKI DESIGN,LUNCH BAG CARS BLUE",274
"CHARLOTTE BAG SUKI DESIGN,LUNCH BAG  BLACK SKULL.",306
"CHARLOTTE BAG SUKI DESIGN,CHARLOTTE BAG PINK POLKADOT",415
"CHARLOTTE BAG SUKI DESIGN,WOODLAND CHARLOTTE BAG",459
"CHARLOTTE BAG SUKI DESIGN,RED RETROSPOT CHARLOTTE BAG",510
"CHARLOTTE BAG SUKI DESIGN,LUNCH BAG SUKI DESIGN ",286
"CHARLOTTE BAG SUKI DESIGN,CHARLOTTE BAG APPLES DESIGN",304
"JUMBO BAG TOYS ,JUMBO BAG PINK POLKADOT",282
"JUMBO BAG TOYS ,JUMBO STORAGE BAG SUKI",298
"JUMBO BAG TOYS ,JUMBO BAG RED RETROSPOT",348
"JUMBO BAG TOYS ,JUMBO BAG WOODLAND ANIMALS",289
"JUMBO BAG TOYS ,DOTCOM POSTAGE",273
"SUKI  SHOULDER BAG,JUMBO BAG RED RETROSPOT",282
"SUKI  SHOULDER BAG,DOTCOM POSTAGE",336
"CHARLOTTE BAG PINK POLKADOT,STRAWBERRY CHARLOTTE BAG",382
"CHARLOTTE BAG PINK POLKADOT,LUNCH BAG RED RETROSPOT",307
"CHARLOTTE BAG PINK POLKADOT,JUMBO BAG RED RETROSPOT",283
"CHARLOTTE BAG PINK POLKADOT,LUNCH BAG  BLACK SKULL.",272
"CHARLOTTE BAG PINK POLKADOT,CHARLOTTE BAG SUKI DESIGN",415
"CHARLOTTE BAG PINK POLKADOT,WOODLAND CHARLOTTE BAG",397
"CHARLOTTE BAG PINK POLKADOT,RED RETROSPOT CHARLOTTE BAG",526
"DOTCOM POSTAGE,WHITE HANGING HEART T-LIGHT HOLDER",272
"DOTCOM POSTAGE,RED TOADSTOOL LED NIGHT LIGHT",313
"DOTCOM POSTAGE,JUMBO BAG PINK POLKADOT",345
"DOTCOM POSTAGE,JUMBO  BAG BAROQUE BLACK WHITE",272
"DOTCOM POSTAGE,JUMBO STORAGE BAG SUKI",395
"DOTCOM POSTAGE,JAM MAKING SET PRINTED",296
"DOTCOM POSTAGE,JUMBO SHOPPER VINTAGE RED PAISLEY",363
"DOTCOM POSTAGE,RECYCLING BAG RETROSPOT ",338
"DOTCOM POSTAGE,NATURAL SLATE HEART CHALKBOARD ",290
"DOTCOM POSTAGE,JUMBO BAG RED RETROSPOT",485
"DOTCOM POSTAGE,ROSES REGENCY TEACUP AND SAUCER ",287
"DOTCOM POSTAGE,GREEN REGENCY TEACUP AND SAUCER",331
"DOTCOM POSTAGE,JUMBO BAG WOODLAND ANIMALS",361
"DOTCOM POSTAGE,JUMBO BAG TOYS ",273
"DOTCOM POSTAGE,SUKI  SHOULDER BAG",336
"WOODLAND CHARLOTTE BAG,STRAWBERRY CHARLOTTE BAG",408
"WOODLAND CHARLOTTE BAG,LUNCH BAG RED RETROSPOT",313
"WOODLAND CHARLOTTE BAG,PACK OF 72 RETROSPOT CAKE CASES",280
"WOODLAND CHARLOTTE BAG,JUMBO BAG RED RETROSPOT",302
"WOODLAND CHARLOTTE BAG,LUNCH BAG WOODLAND",281
"WOODLAND CHARLOTTE BAG,LUNCH BAG  BLACK SKULL.",286
"WOODLAND CHARLOTTE BAG,CHARLOTTE BAG SUKI DESIGN",459
"WOODLAND CHARLOTTE BAG,CHARLOTTE BAG PINK POLKADOT",397
"WOODLAND CHARLOTTE BAG,RED RETROSPOT CHARLOTTE BAG",507
"WOODLAND CHARLOTTE BAG,CHARLOTTE BAG APPLES DESIGN",292
"RED RETROSPOT CHARLOTTE BAG,STRAWBERRY CHARLOTTE BAG",490
"RED RETROSPOT CHARLOTTE BAG,LUNCH BAG RED RETROSPOT",397
"RED RETROSPOT CHARLOTTE BAG,PACK OF 72 RETROSPOT CAKE CASES",322
"RED RETROSPOT CHARLOTTE BAG,JUMBO STORAGE BAG SUKI",279
"RED RETROSPOT CHARLOTTE BAG,JUMBO BAG RED RETROSPOT",433
"RED RETROSPOT CHARLOTTE BAG,LUNCH BAG SPACEBOY DESIGN ",290
"RED RETROSPOT CHARLOTTE BAG,LUNCH BAG PINK POLKADOT",278
"RED RETROSPOT CHARLOTTE BAG,LUNCH BAG CARS BLUE",307
"RED RETROSPOT CHARLOTTE BAG,LUNCH BAG  BLACK SKULL.",354
"RED RETROSPOT CHARLOTTE BAG,CHARLOTTE BAG SUKI DESIGN",510
"RED RETROSPOT CHARLOTTE BAG,CHARLOTTE BAG PINK POLKADOT",526
"RED RETROSPOT CHARLOTTE BAG,WOODLAND CHARLOTTE BAG",507
"RED RETROSPOT CHARLOTTE BAG,LUNCH BAG SUKI DESIGN ",284
"RED RETROSPOT CHARLOTTE BAG,LUNCH BAG APPLE DESIGN",273
"RED RETROSPOT CHARLOTTE BAG,CHARLOTTE BAG APPLES DESIGN",331
"PINK BLUE FELT CRAFT TRINKET BOX,PINK CREAM FELT CRAFT TRINKET BOX ",271
"SWEETHEART CERAMIC TRINKET BOX,STRAWBERRY CERAMIC TRINKET BOX",290
"PLEASE ONE PERSON METAL SIGN,COOK WITH WINE METAL SIGN ",306
"PLEASE ONE PERSON METAL SIGN,GIN + TONIC DIET METAL SIGN",276
"WOODEN TREE CHRISTMAS SCANDINAVIAN,WOODEN STAR CHRISTMAS SCANDINAVIAN",282
"WOODEN STAR CHRISTMAS SCANDINAVIAN,WOODEN HEART CHRISTMAS SCANDINAVIAN",389
"WOODEN STAR CHRISTMAS SCANDINAVIAN,WOODEN TREE CHRISTMAS SCANDINAVIAN",282
"ALARM CLOCK BAKELIKE CHOCOLATE,ALARM CLOCK BAKELIKE RED ",296
"ALARM CLOCK BAKELIKE CHOCOLATE,ALARM CLOCK BAKELIKE GREEN",278
"RED RETROSPOT SHOPPER BAG,JUMBO BAG RED RETROSPOT",290
"BAKING SET SPACEBOY DESIGN,BAKING SET 9 PIECE RETROSPOT ",335
"JUMBO BAG SPACEBOY DESIGN,JUMBO BAG PINK POLKADOT",341
"JUMBO BAG SPACEBOY DESIGN,JUMBO STORAGE BAG SUKI",347
"JUMBO BAG SPACEBOY DESIGN,JUMBO SHOPPER VINTAGE RED PAISLEY",275
"JUMBO BAG SPACEBOY DESIGN,JUMBO BAG RED RETROSPOT",432
"JUMBO BAG SPACEBOY DESIGN,JUMBO BAG WOODLAND ANIMALS",292
"PARTY BUNTING,WHITE HANGING HEART T-LIGHT HOLDER",390
"PARTY BUNTING,LUNCH BAG RED RETROSPOT",323
"PARTY BUNTING,PACK OF 72 RETROSPOT CAKE CASES",306
"PARTY BUNTING,JUMBO BAG RED RETROSPOT",332
"PARTY BUNTING,REGENCY CAKESTAND 3 TIER",398
"PARTY BUNTING,SPOTTY BUNTING",487
"SCANDINAVIAN PAISLEY PICNIC BAG,PINK VINTAGE PAISLEY PICNIC BAG",280
"PINK VINTAGE PAISLEY PICNIC BAG,SCANDINAVIAN PAISLEY PICNIC BAG",280
"SMALL MARSHMALLOWS PINK BOWL,SMALL DOLLY MIX DESIGN ORANGE BOWL",350
"SMALL DOLLY MIX DESIGN ORANGE BOWL,SMALL MARSHMALLOWS PINK BOWL",350
"BAKING SET 9 PIECE RETROSPOT ,BAKING SET SPACEBOY DESIGN",335
"PINK REGENCY TEACUP AND SAUCER,REGENCY CAKESTAND 3 TIER",402
"PINK REGENCY TEACUP AND SAUCER,ROSES REGENCY TEACUP AND SAUCER ",614
"PINK REGENCY TEACUP AND SAUCER,GREEN REGENCY TEACUP AND SAUCER",644
"SET OF 6 SPICE TINS PANTRY DESIGN,SET OF 3 CAKE TINS PANTRY DESIGN ",412
"SET OF 3 CAKE TINS PANTRY DESIGN ,WHITE HANGING HEART T-LIGHT HOLDER",326
"SET OF 3 CAKE TINS PANTRY DESIGN ,JAM MAKING SET WITH JARS",385
"SET OF 3 CAKE TINS PANTRY DESIGN ,JAM MAKING SET PRINTED",348
"SET OF 3 CAKE TINS PANTRY DESIGN ,JUMBO BAG RED RETROSPOT",308
"SET OF 3 CAKE TINS PANTRY DESIGN ,REGENCY CAKESTAND 3 TIER",320
"SET OF 3 CAKE TINS PANTRY DESIGN ,RECIPE BOX PANTRY YELLOW DESIGN",398
"SET OF 3 CAKE TINS PANTRY DESIGN ,SET OF 6 SPICE TINS PANTRY DESIGN",412
"SET OF 3 CAKE TINS PANTRY DESIGN ,SET OF 4 PANTRY JELLY MOULDS",298
"SET OF 3 CAKE TINS PANTRY DESIGN ,SET OF TEA COFFEE SUGAR TINS PANTRY",277
"SET OF 3 CAKE TINS PANTRY DESIGN ,SET OF 3 REGENCY CAKE TINS",282
"SET OF 4 PANTRY JELLY MOULDS,JAM MAKING SET WITH JARS",310
"SET OF 4 PANTRY JELLY MOULDS,JAM MAKING SET PRINTED",278
"SET OF 4 PANTRY JELLY MOULDS,RECIPE BOX PANTRY YELLOW DESIGN",276
"SET OF 4 PANTRY JELLY MOULDS,SET OF 3 CAKE TINS PANTRY DESIGN ",298
"LUNCH BAG SUKI DESIGN ,LUNCH BAG RED RETROSPOT",564
"LUNCH BAG SUKI DESIGN ,JUMBO STORAGE BAG SUKI",306
"LUNCH BAG SUKI DESIGN ,LUNCH BAG DOLLY GIRL DESIGN",284
"LUNCH BAG SUKI DESIGN ,JUMBO BAG RED RETROSPOT",331
"LUNCH BAG SUKI DESIGN ,LUNCH BAG SPACEBOY DESIGN ",459
"LUNCH BAG SUKI DESIGN ,LUNCH BAG WOODLAND",392
"LUNCH BAG SUKI DESIGN ,LUNCH BAG PINK POLKADOT",419
"LUNCH BAG SUKI DESIGN ,LUNCH BAG CARS BLUE",475
"LUNCH BAG SUKI DESIGN ,LUNCH BAG  BLACK SKULL.",518
"LUNCH BAG SUKI DESIGN ,CHARLOTTE BAG SUKI DESIGN",286
"LUNCH BAG SUKI DESIGN ,RED RETROSPOT CHARLOTTE BAG",284
"LUNCH BAG SUKI DESIGN ,LUNCH BAG ALPHABET DESIGN",323
"LUNCH BAG SUKI DESIGN ,LUNCH BAG APPLE DESIGN",451
"LUNCH BAG SUKI DESIGN ,LUNCH BAG VINTAGE LEAF DESIGN",296
"JUMBO BAG SCANDINAVIAN BLUE PAISLEY,JUMBO BAG PINK POLKADOT",320
"JUMBO BAG SCANDINAVIAN BLUE PAISLEY,JUMBO STORAGE BAG SUKI",303
"JUMBO BAG SCANDINAVIAN BLUE PAISLEY,JUMBO BAG PINK VINTAGE PAISLEY",346
"JUMBO BAG SCANDINAVIAN BLUE PAISLEY,JUMBO SHOPPER VINTAGE RED PAISLEY",353
"JUMBO BAG SCANDINAVIAN BLUE PAISLEY,JUMBO BAG RED RETROSPOT",452
"JUMBO BAG ALPHABET,JUMBO BAG PINK POLKADOT",273
"JUMBO BAG ALPHABET,JUMBO STORAGE BAG SUKI",295
"JUMBO BAG ALPHABET,JUMBO BAG RED RETROSPOT",420
"JUMBO BAG ALPHABET,JUMBO BAG APPLES",396
"JUMBO BAG ALPHABET,JUMBO BAG VINTAGE LEAF",318
"LUNCH BAG ALPHABET DESIGN,LUNCH BAG RED RETROSPOT",314
"LUNCH BAG ALPHABET DESIGN,LUNCH BAG SPACEBOY DESIGN ",307
"LUNCH BAG ALPHABET DESIGN,LUNCH BAG CARS BLUE",286
"LUNCH BAG ALPHABET DESIGN,LUNCH BAG  BLACK SKULL.",305
"LUNCH BAG ALPHABET DESIGN,LUNCH BAG SUKI DESIGN ",323
"LUNCH BAG ALPHABET DESIGN,LUNCH BAG APPLE DESIGN",377
"LUNCH BAG ALPHABET DESIGN,LUNCH BAG VINTAGE LEAF DESIGN",282
"JUMBO BAG APPLES,JUMBO BAG PINK POLKADOT",369
"JUMBO BAG APPLES,JUMBO  BAG BAROQUE BLACK WHITE",288
"JUMBO BAG APPLES,LUNCH BAG RED RETROSPOT",273
"JUMBO BAG APPLES,JUMBO STORAGE BAG SUKI",379
"JUMBO BAG APPLES,JUMBO SHOPPER VINTAGE RED PAISLEY",336
"JUMBO BAG APPLES,JUMBO BAG RED RETROSPOT",555
"JUMBO BAG APPLES,JUMBO BAG WOODLAND ANIMALS",304
"JUMBO BAG APPLES,JUMBO BAG ALPHABET",396
"JUMBO BAG APPLES,LUNCH BAG APPLE DESIGN",366
"JUMBO BAG APPLES,JUMBO BAG VINTAGE LEAF",366
"JUMBO BAG APPLES,JUMBO BAG PEARS",410
"LUNCH BAG APPLE DESIGN,LUNCH BAG RED RETROSPOT",490
"LUNCH BAG APPLE DESIGN,JUMBO BAG RED RETROSPOT",299
"LUNCH BAG APPLE DESIGN,LUNCH BAG SPACEBOY DESIGN ",395
"LUNCH BAG APPLE DESIGN,LUNCH BAG WOODLAND",371
"LUNCH BAG APPLE DESIGN,LUNCH BAG PINK POLKADOT",351
"LUNCH BAG APPLE DESIGN,LUNCH BAG CARS BLUE",368
"LUNCH BAG APPLE DESIGN,LUNCH BAG  BLACK SKULL.",415
"LUNCH BAG APPLE DESIGN,RED RETROSPOT CHARLOTTE BAG",273
"LUNCH BAG APPLE DESIGN,LUNCH BAG SUKI DESIGN ",451
"LUNCH BAG APPLE DESIGN,LUNCH BAG ALPHABET DESIGN",377
"LUNCH BAG APPLE DESIGN,JUMBO BAG APPLES",366
"LUNCH BAG APPLE DESIGN,CHARLOTTE BAG APPLES DESIGN",288
"LUNCH BAG APPLE DESIGN,LUNCH BAG VINTAGE LEAF DESIGN",363
"CHARLOTTE BAG APPLES DESIGN,CHARLOTTE BAG SUKI DESIGN",304
"CHARLOTTE BAG APPLES DESIGN,WOODLAND CHARLOTTE BAG",292
"CHARLOTTE BAG APPLES DESIGN,RED RETROSPOT CHARLOTTE BAG",331
"CHARLOTTE BAG APPLES DESIGN,LUNCH BAG APPLE DESIGN",288
"LUNCH BAG VINTAGE LEAF DESIGN,LUNCH BAG RED RETROSPOT",307
"LUNCH BAG VINTAGE LEAF DESIGN,LUNCH BAG  BLACK SKULL.",294
"LUNCH BAG VINTAGE LEAF DESIGN,LUNCH BAG SUKI DESIGN ",296
"LUNCH BAG VINTAGE LEAF DESIGN,LUNCH BAG ALPHABET DESIGN",282
"LUNCH BAG VINTAGE LEAF DESIGN,LUNCH BAG APPLE DESIGN",363
"SPOTTY BUNTING,PARTY BUNTING",487
"JUMBO BAG VINTAGE LEAF,JUMBO BAG RED RETROSPOT",427
"JUMBO BAG VINTAGE LEAF,JUMBO BAG ALPHABET",318
"JUMBO BAG VINTAGE LEAF,JUMBO BAG APPLES",366
"JUMBO BAG VINTAGE LEAF,JUMBO BAG PEARS",315
"JUMBO BAG VINTAGE LEAF,JUMBO BAG VINTAGE DOILY ",283
"JUMBO BAG PEARS,JUMBO BAG RED RETROSPOT",294
"JUMBO BAG PEARS,JUMBO BAG APPLES",410
"JUMBO BAG PEARS,JUMBO BAG VINTAGE LEAF",315
"REGENCY TEA PLATE PINK,REGENCY TEA PLATE GREEN ",282
"REGENCY TEA PLATE PINK,REGENCY TEA PLATE ROSES ",272
"REGENCY TEA PLATE GREEN ,REGENCY TEA PLATE PINK",282
"REGENCY TEA PLATE GREEN ,REGENCY TEA PLATE ROSES ",322
"REGENCY TEA PLATE ROSES ,ROSES REGENCY TEACUP AND SAUCER ",279
"REGENCY TEA PLATE ROSES ,REGENCY TEA PLATE PINK",272
"REGENCY TEA PLATE ROSES ,REGENCY TEA PLATE GREEN ",322
"GARDENERS KNEELING PAD KEEP CALM ,GARDENERS KNEELING PAD CUP OF TEA ",549
"GARDENERS KNEELING PAD CUP OF TEA ,GARDENERS KNEELING PAD KEEP CALM ",549
"SET OF TEA COFFEE SUGAR TINS PANTRY,SET OF 3 CAKE TINS PANTRY DESIGN ",277
"SET OF 3 REGENCY CAKE TINS,REGENCY CAKESTAND 3 TIER",313
"SET OF 3 REGENCY CAKE TINS,SET OF 3 CAKE TINS PANTRY DESIGN ",282
"SMALL WHITE HEART OF WICKER,LARGE WHITE HEART OF WICKER",299
"LARGE WHITE HEART OF WICKER,SMALL WHITE HEART OF WICKER",299
"JUMBO BAG VINTAGE CHRISTMAS ,JUMBO BAG 50'S CHRISTMAS ",324
"JUMBO BAG 50'S CHRISTMAS ,JUMBO BAG VINTAGE CHRISTMAS ",324
"SET OF 12 FAIRY CAKE BAKING CASES,SET OF 12 MINI LOAF BAKING CASES",307
"SET OF 12 MINI LOAF BAKING CASES,SET OF 12 FAIRY CAKE BAKING CASES",307
"JUMBO BAG VINTAGE DOILY ,JUMBO BAG RED RETROSPOT",360
"JUMBO BAG VINTAGE DOILY ,JUMBO BAG VINTAGE LEAF",283
"JUMBO BAG VINTAGE DOILY ,LUNCH BAG VINTAGE DOILY ",273
"LUNCH BAG VINTAGE DOILY ,LUNCH BAG RED RETROSPOT",279
"LUNCH BAG VINTAGE DOILY ,JUMBO BAG VINTAGE DOILY ",273
"HOT WATER BOTTLE KEEP CALM,CHOCOLATE HOT WATER BOTTLE",271
"ALARM CLOCK BAKELIKE PINK,ALARM CLOCK BAKELIKE RED ,ALARM CLOCK BAKELIKE GREEN",314
"ALARM CLOCK BAKELIKE PINK,ALARM CLOCK BAKELIKE GREEN,ALARM CLOCK BAKELIKE RED ",314
"ALARM CLOCK BAKELIKE RED ,ALARM CLOCK BAKELIKE PINK,ALARM CLOCK BAKELIKE GREEN",314
"ALARM CLOCK BAKELIKE RED ,ALARM CLOCK BAKELIKE GREEN,ALARM CLOCK BAKELIKE PINK",314
"ALARM CLOCK BAKELIKE GREEN,ALARM CLOCK BAKELIKE PINK,ALARM CLOCK BAKELIKE RED ",314
"ALARM CLOCK BAKELIKE GREEN,ALARM CLOCK BAKELIKE RED ,ALARM CLOCK BAKELIKE PINK",314
"JUMBO BAG PINK POLKADOT,JUMBO  BAG BAROQUE BLACK WHITE,JUMBO BAG RED RETROSPOT",328
"JUMBO BAG PINK POLKADOT,JUMBO STORAGE BAG SUKI,JUMBO SHOPPER VINTAGE RED PAISLEY",310
"JUMBO BAG PINK POLKADOT,JUMBO STORAGE BAG SUKI,JUMBO BAG RED RETROSPOT",416
"JUMBO BAG PINK POLKADOT,JUMBO STORAGE BAG SUKI,JUMBO BAG WOODLAND ANIMALS",279
"JUMBO BAG PINK POLKADOT,JUMBO BAG PINK VINTAGE PAISLEY,JUMBO BAG RED RETROSPOT",297
"JUMBO BAG PINK POLKADOT,JUMBO SHOPPER VINTAGE RED PAISLEY,JUMBO STORAGE BAG SUKI",310
"JUMBO BAG PINK POLKADOT,JUMBO SHOPPER VINTAGE RED PAISLEY,JUMBO BAG RED RETROSPOT",380
"JUMBO BAG PINK POLKADOT,JUMBO BAG RED RETROSPOT,JUMBO  BAG BAROQUE BLACK WHITE",328
"JUMBO BAG PINK POLKADOT,JUMBO BAG RED RETROSPOT,JUMBO STORAGE BAG SUKI",416
"JUMBO BAG PINK POLKADOT,JUMBO BAG RED RETROSPOT,JUMBO BAG PINK VINTAGE PAISLEY",297
"JUMBO BAG PINK POLKADOT,JUMBO BAG RED RETROSPOT,JUMBO SHOPPER VINTAGE RED PAISLEY",380
"JUMBO BAG PINK POLKADOT,JUMBO BAG RED RETROSPOT,JUMBO BAG STRAWBERRY",280
"JUMBO BAG PINK POLKADOT,JUMBO BAG RED RETROSPOT,JUMBO BAG WOODLAND ANIMALS",343
"JUMBO BAG PINK POLKADOT,JUMBO BAG RED RETROSPOT,DOTCOM POSTAGE",277
"JUMBO BAG PINK POLKADOT,JUMBO BAG RED RETROSPOT,JUMBO BAG APPLES",293
"JUMBO BAG PINK POLKADOT,JUMBO BAG STRAWBERRY,JUMBO BAG RED RETROSPOT",280
"JUMBO BAG PINK POLKADOT,JUMBO BAG WOODLAND ANIMALS,JUMBO STORAGE BAG SUKI",279
"JUMBO BAG PINK POLKADOT,JUMBO BAG WOODLAND ANIMALS,JUMBO BAG RED RETROSPOT",343
"JUMBO BAG PINK POLKADOT,DOTCOM POSTAGE,JUMBO BAG RED RETROSPOT",277
"JUMBO BAG PINK POLKADOT,JUMBO BAG APPLES,JUMBO BAG RED RETROSPOT",293
"JUMBO  BAG BAROQUE BLACK WHITE,JUMBO BAG PINK POLKADOT,JUMBO BAG RED RETROSPOT",328
"JUMBO  BAG BAROQUE BLACK WHITE,JUMBO STORAGE BAG SUKI,JUMBO BAG RED RETROSPOT",319
"JUMBO  BAG BAROQUE BLACK WHITE,JUMBO SHOPPER VINTAGE RED PAISLEY,JUMBO BAG RED RETROSPOT",314
"JUMBO  BAG BAROQUE BLACK WHITE,JUMBO BAG RED RETROSPOT,JUMBO BAG PINK POLKADOT",328
"JUMBO  BAG BAROQUE BLACK WHITE,JUMBO BAG RED RETROSPOT,JUMBO STORAGE BAG SUKI",319
"JUMBO  BAG BAROQUE BLACK WHITE,JUMBO BAG RED RETROSPOT,JUMBO SHOPPER VINTAGE RED PAISLEY",314
"STRAWBERRY CHARLOTTE BAG,CHARLOTTE BAG SUKI DESIGN,CHARLOTTE BAG PINK POLKADOT",273
"STRAWBERRY CHARLOTTE BAG,CHARLOTTE BAG SUKI DESIGN,WOODLAND CHARLOTTE BAG",304
"STRAWBERRY CHARLOTTE BAG,CHARLOTTE BAG SUKI DESIGN,RED RETROSPOT CHARLOTTE BAG",336
"STRAWBERRY CHARLOTTE BAG,CHARLOTTE BAG PINK POLKADOT,CHARLOTTE BAG SUKI DESIGN",273
"STRAWBERRY CHARLOTTE BAG,CHARLOTTE BAG PINK POLKADOT,RED RETROSPOT CHARLOTTE BAG",328
"STRAWBERRY CHARLOTTE BAG,WOODLAND CHARLOTTE BAG,CHARLOTTE BAG SUKI DESIGN",304
"STRAWBERRY CHARLOTTE BAG,WOODLAND CHARLOTTE BAG,RED RETROSPOT CHARLOTTE BAG",328
"STRAWBERRY CHARLOTTE BAG,RED RETROSPOT CHARLOTTE BAG,CHARLOTTE BAG SUKI DESIGN",336
"STRAWBERRY CHARLOTTE BAG,RED RETROSPOT CHARLOTTE BAG,CHARLOTTE BAG PINK POLKADOT",328
"STRAWBERRY CHARLOTTE BAG,RED RETROSPOT CHARLOTTE BAG,WOODLAND CHARLOTTE BAG",328
"LUNCH BAG RED RETROSPOT,LUNCH BAG SPACEBOY DESIGN ,LUNCH BAG WOODLAND",307
"LUNCH BAG RED RETROSPOT,LUNCH BAG SPACEBOY DESIGN ,LUNCH BAG PINK POLKADOT",293
"LUNCH BAG RED RETROSPOT,LUNCH BAG SPACEBOY DESIGN ,LUNCH BAG CARS BLUE",296
"LUNCH BAG RED RETROSPOT,LUNCH BAG SPACEBOY DESIGN ,LUNCH BAG  BLACK SKULL.",318
"LUNCH BAG RED RETROSPOT,LUNCH BAG SPACEBOY DESIGN ,LUNCH BAG SUKI DESIGN ",286
"LUNCH BAG RED RETROSPOT,LUNCH BAG WOODLAND,LUNCH BAG SPACEBOY DESIGN ",307
"LUNCH BAG RED RETROSPOT,LUNCH BAG WOODLAND,LUNCH BAG PINK POLKADOT",286
"LUNCH BAG RED RETROSPOT,LUNCH BAG WOODLAND,LUNCH BAG CARS BLUE",283
"LUNCH BAG RED RETROSPOT,LUNCH BAG WOODLAND,LUNCH BAG  BLACK SKULL.",290
"LUNCH BAG RED RETROSPOT,LUNCH BAG WOODLAND,LUNCH BAG SUKI DESIGN ",276
"LUNCH BAG RED RETROSPOT,LUNCH BAG PINK POLKADOT,LUNCH BAG SPACEBOY DESIGN ",293
"LUNCH BAG RED RETROSPOT,LUNCH BAG PINK POLKADOT,LUNCH BAG WOODLAND",286
"LUNCH BAG RED RETROSPOT,LUNCH BAG PINK POLKADOT,LUNCH BAG CARS BLUE",325
"LUNCH BAG RED RETROSPOT,LUNCH BAG PINK POLKADOT,LUNCH BAG  BLACK SKULL.",362
"LUNCH BAG RED RETROSPOT,LUNCH BAG PINK POLKADOT,LUNCH BAG SUKI DESIGN ",297
"LUNCH BAG RED RETROSPOT,LUNCH BAG CARS BLUE,LUNCH BAG SPACEBOY DESIGN ",296
"LUNCH BAG RED RETROSPOT,LUNCH BAG CARS BLUE,LUNCH BAG WOODLAND",283
"LUNCH BAG RED RETROSPOT,LUNCH BAG CARS BLUE,LUNCH BAG PINK POLKADOT",325
"LUNCH BAG RED RETROSPOT,LUNCH BAG CARS BLUE,LUNCH BAG  BLACK SKULL.",324
"LUNCH BAG RED RETROSPOT,LUNCH BAG CARS BLUE,LUNCH BAG SUKI DESIGN ",298
"LUNCH BAG RED RETROSPOT,LUNCH BAG  BLACK SKULL.,LUNCH BAG SPACEBOY DESIGN ",318
"LUNCH BAG RED RETROSPOT,LUNCH BAG  BLACK SKULL.,LUNCH BAG WOODLAND",290
"LUNCH BAG RED RETROSPOT,LUNCH BAG  BLACK SKULL.,LUNCH BAG PINK POLKADOT",362
"LUNCH BAG RED RETROSPOT,LUNCH BAG  BLACK SKULL.,LUNCH BAG CARS BLUE",324
"LUNCH BAG RED RETROSPOT,LUNCH BAG  BLACK SKULL.,LUNCH BAG SUKI DESIGN ",326
"LUNCH BAG RED RETROSPOT,LUNCH BAG  BLACK SKULL.,LUNCH BAG APPLE DESIGN",272
"LUNCH BAG RED RETROSPOT,LUNCH BAG SUKI DESIGN ,LUNCH BAG SPACEBOY DESIGN ",286
"LUNCH BAG RED RETROSPOT,LUNCH BAG SUKI DESIGN ,LUNCH BAG WOODLAND",276
"LUNCH BAG RED RETROSPOT,LUNCH BAG SUKI DESIGN ,LUNCH BAG PINK POLKADOT",297
"LUNCH BAG RED RETROSPOT,LUNCH BAG SUKI DESIGN ,LUNCH BAG CARS BLUE",298
"LUNCH BAG RED RETROSPOT,LUNCH BAG SUKI DESIGN ,LUNCH BAG  BLACK SKULL.",326
"LUNCH BAG RED RETROSPOT,LUNCH BAG SUKI DESIGN ,LUNCH BAG APPLE DESIGN",284
"LUNCH BAG RED RETROSPOT,LUNCH BAG APPLE DESIGN,LUNCH BAG  BLACK SKULL.",272
"LUNCH BAG RED RETROSPOT,LUNCH BAG APPLE DESIGN,LUNCH BAG SUKI DESIGN ",284
"JUMBO STORAGE BAG SUKI,JUMBO BAG PINK POLKADOT,JUMBO SHOPPER VINTAGE RED PAISLEY",310
"JUMBO STORAGE BAG SUKI,JUMBO BAG PINK POLKADOT,JUMBO BAG RED RETROSPOT",416
"JUMBO STORAGE BAG SUKI,JUMBO BAG PINK POLKADOT,JUMBO BAG WOODLAND ANIMALS",279
"JUMBO STORAGE BAG SUKI,JUMBO  BAG BAROQUE BLACK WHITE,JUMBO BAG RED RETROSPOT",319
"JUMBO STORAGE BAG SUKI,JUMBO SHOPPER VINTAGE RED PAISLEY,JUMBO BAG PINK POLKADOT",310
"JUMBO STORAGE BAG SUKI,JUMBO SHOPPER VINTAGE RED PAISLEY,JUMBO BAG RED RETROSPOT",391
"JUMBO STORAGE BAG SUKI,JUMBO SHOPPER VINTAGE RED PAISLEY,JUMBO BAG WOODLAND ANIMALS",275
"JUMBO STORAGE BAG SUKI,JUMBO BAG RED RETROSPOT,JUMBO BAG PINK POLKADOT",416
"JUMBO STORAGE BAG SUKI,JUMBO BAG RED RETROSPOT,JUMBO  BAG BAROQUE BLACK WHITE",319
"JUMBO STORAGE BAG SUKI,JUMBO BAG RED RETROSPOT,JUMBO SHOPPER VINTAGE RED PAISLEY",391
"JUMBO STORAGE BAG SUKI,JUMBO BAG RED RETROSPOT,JUMBO BAG WOODLAND ANIMALS",328
"JUMBO STORAGE BAG SUKI,JUMBO BAG RED RETROSPOT,DOTCOM POSTAGE",288
"JUMBO STORAGE BAG SUKI,JUMBO BAG RED RETROSPOT,JUMBO BAG APPLES",284
"JUMBO STORAGE BAG SUKI,JUMBO BAG WOODLAND ANIMALS,JUMBO BAG PINK POLKADOT",279
"JUMBO STORAGE BAG SUKI,JUMBO BAG WOODLAND ANIMALS,JUMBO SHOPPER VINTAGE RED PAISLEY",275
"JUMBO STORAGE BAG SUKI,JUMBO BAG WOODLAND ANIMALS,JUMBO BAG RED RETROSPOT",328
"JUMBO STORAGE BAG SUKI,DOTCOM POSTAGE,JUMBO BAG RED RETROSPOT",288
"JUMBO STORAGE BAG SUKI,JUMBO BAG APPLES,JUMBO BAG RED RETROSPOT",284
"JUMBO BAG PINK VINTAGE PAISLEY,JUMBO BAG PINK POLKADOT,JUMBO BAG RED RETROSPOT",297
"JUMBO BAG PINK VINTAGE PAISLEY,JUMBO SHOPPER VINTAGE RED PAISLEY,JUMBO BAG RED RETROSPOT",293
"JUMBO BAG PINK VINTAGE PAISLEY,JUMBO BAG RED RETROSPOT,JUMBO BAG PINK POLKADOT",297
"JUMBO BAG PINK VINTAGE PAISLEY,JUMBO BAG RED RETROSPOT,JUMBO SHOPPER VINTAGE RED PAISLEY",293
"JUMBO SHOPPER VINTAGE RED PAISLEY,JUMBO BAG PINK POLKADOT,JUMBO STORAGE BAG SUKI",310
"JUMBO SHOPPER VINTAGE RED PAISLEY,JUMBO BAG PINK POLKADOT,JUMBO BAG RED RETROSPOT",380
"JUMBO SHOPPER VINTAGE RED PAISLEY,JUMBO  BAG BAROQUE BLACK WHITE,JUMBO BAG RED RETROSPOT",314
"JUMBO SHOPPER VINTAGE RED PAISLEY,JUMBO STORAGE BAG SUKI,JUMBO BAG PINK POLKADOT",310
"JUMBO SHOPPER VINTAGE RED PAISLEY,JUMBO STORAGE BAG SUKI,JUMBO BAG RED RETROSPOT",391
"JUMBO SHOPPER VINTAGE RED PAISLEY,JUMBO STORAGE BAG SUKI,JUMBO BAG WOODLAND ANIMALS",275
"JUMBO SHOPPER VINTAGE RED PAISLEY,JUMBO BAG PINK VINTAGE PAISLEY,JUMBO BAG RED RETROSPOT",293
"JUMBO SHOPPER VINTAGE RED PAISLEY,JUMBO BAG RED RETROSPOT,JUMBO BAG PINK POLKADOT",380
"JUMBO SHOPPER VINTAGE RED PAISLEY,JUMBO BAG RED RETROSPOT,JUMBO  BAG BAROQUE BLACK WHITE",314
"JUMBO SHOPPER VINTAGE RED PAISLEY,JUMBO BAG RED RETROSPOT,JUMBO STORAGE BAG SUKI",391
"JUMBO SHOPPER VINTAGE RED PAISLEY,JUMBO BAG RED RETROSPOT,JUMBO BAG PINK VINTAGE PAISLEY",293
"JUMBO SHOPPER VINTAGE RED PAISLEY,JUMBO BAG RED RETROSPOT,JUMBO BAG WOODLAND ANIMALS",297
"JUMBO SHOPPER VINTAGE RED PAISLEY,JUMBO BAG RED RETROSPOT,DOTCOM POSTAGE",280
"JUMBO SHOPPER VINTAGE RED PAISLEY,JUMBO BAG RED RETROSPOT,JUMBO BAG SCANDINAVIAN BLUE PAISLEY",277
"JUMBO SHOPPER VINTAGE RED PAISLEY,JUMBO BAG WOODLAND ANIMALS,JUMBO STORAGE BAG SUKI",275
"JUMBO SHOPPER VINTAGE RED PAISLEY,JUMBO BAG WOODLAND ANIMALS,JUMBO BAG RED RETROSPOT",297
"JUMBO SHOPPER VINTAGE RED PAISLEY,DOTCOM POSTAGE,JUMBO BAG RED RETROSPOT",280
"JUMBO SHOPPER VINTAGE RED PAISLEY,JUMBO BAG SCANDINAVIAN BLUE PAISLEY,JUMBO BAG RED RETROSPOT",277
"JUMBO BAG RED RETROSPOT,JUMBO BAG PINK POLKADOT,JUMBO  BAG BAROQUE BLACK WHITE",328
"JUMBO BAG RED RETROSPOT,JUMBO BAG PINK POLKADOT,JUMBO STORAGE BAG SUKI",416
"JUMBO BAG RED RETROSPOT,JUMBO BAG PINK POLKADOT,JUMBO BAG PINK VINTAGE PAISLEY",297
"JUMBO BAG RED RETROSPOT,JUMBO BAG PINK POLKADOT,JUMBO SHOPPER VINTAGE RED PAISLEY",380
"JUMBO BAG RED RETROSPOT,JUMBO BAG PINK POLKADOT,JUMBO BAG STRAWBERRY",280
"JUMBO BAG RED RETROSPOT,JUMBO BAG PINK POLKADOT,JUMBO BAG WOODLAND ANIMALS",343
"JUMBO BAG RED RETROSPOT,JUMBO BAG PINK POLKADOT,DOTCOM POSTAGE",277
"JUMBO BAG RED RETROSPOT,JUMBO BAG PINK POLKADOT,JUMBO BAG APPLES",293
"JUMBO BAG RED RETROSPOT,JUMBO  BAG BAROQUE BLACK WHITE,JUMBO BAG PINK POLKADOT",328
"JUMBO BAG RED RETROSPOT,JUMBO  BAG BAROQUE BLACK WHITE,JUMBO STORAGE BAG SUKI",319
"JUMBO BAG RED RETROSPOT,JUMBO  BAG BAROQUE BLACK WHITE,JUMBO SHOPPER VINTAGE RED PAISLEY",314
"JUMBO BAG RED RETROSPOT,JUMBO STORAGE BAG SUKI,JUMBO BAG PINK POLKADOT",416
"JUMBO BAG RED RETROSPOT,JUMBO STORAGE BAG SUKI,JUMBO  BAG BAROQUE BLACK WHITE",319
"JUMBO BAG RED RETROSPOT,JUMBO STORAGE BAG SUKI,JUMBO SHOPPER VINTAGE RED PAISLEY",391
"JUMBO BAG RED RETROSPOT,JUMBO STORAGE BAG SUKI,JUMBO BAG WOODLAND ANIMALS",328
"JUMBO BAG RED RETROSPOT,JUMBO STORAGE BAG SUKI,DOTCOM POSTAGE",288
"JUMBO BAG RED RETROSPOT,JUMBO STORAGE BAG SUKI,JUMBO BAG APPLES",284
"JUMBO BAG RED RETROSPOT,JUMBO BAG PINK VINTAGE PAISLEY,JUMBO BAG PINK POLKADOT",297
"JUMBO BAG RED RETROSPOT,JUMBO BAG PINK VINTAGE PAISLEY,JUMBO SHOPPER VINTAGE RED PAISLEY",293
"JUMBO BAG RED RETROSPOT,JUMBO SHOPPER VINTAGE RED PAISLEY,JUMBO BAG PINK POLKADOT",380
"JUMBO BAG RED RETROSPOT,JUMBO SHOPPER VINTAGE RED PAISLEY,JUMBO  BAG BAROQUE BLACK WHITE",314
"JUMBO BAG RED RETROSPOT,JUMBO SHOPPER VINTAGE RED PAISLEY,JUMBO STORAGE BAG SUKI",391
"JUMBO BAG RED RETROSPOT,JUMBO SHOPPER VINTAGE RED PAISLEY,JUMBO BAG PINK VINTAGE PAISLEY",293
"JUMBO BAG RED RETROSPOT,JUMBO SHOPPER VINTAGE RED PAISLEY,JUMBO BAG WOODLAND ANIMALS",297
"JUMBO BAG RED RETROSPOT,JUMBO SHOPPER VINTAGE RED PAISLEY,DOTCOM POSTAGE",280
"JUMBO BAG RED RETROSPOT,JUMBO SHOPPER VINTAGE RED PAISLEY,JUMBO BAG SCANDINAVIAN BLUE PAISLEY",277
"JUMBO BAG RED RETROSPOT,JUMBO BAG STRAWBERRY,JUMBO BAG PINK POLKADOT",280
"JUMBO BAG RED RETROSPOT,JUMBO BAG WOODLAND ANIMALS,JUMBO BAG PINK POLKADOT",343
"JUMBO BAG RED RETROSPOT,JUMBO BAG WOODLAND ANIMALS,JUMBO STORAGE BAG SUKI",328
"JUMBO BAG RED RETROSPOT,JUMBO BAG WOODLAND ANIMALS,JUMBO SHOPPER VINTAGE RED PAISLEY",297
"JUMBO BAG RED RETROSPOT,JUMBO BAG WOODLAND ANIMALS,DOTCOM POSTAGE",273
"JUMBO BAG RED RETROSPOT,DOTCOM POSTAGE,JUMBO BAG PINK POLKADOT",277
"JUMBO BAG RED RETROSPOT,DOTCOM POSTAGE,JUMBO STORAGE BAG SUKI",288
"JUMBO BAG RED RETROSPOT,DOTCOM POSTAGE,JUMBO SHOPPER VINTAGE RED PAISLEY",280
"JUMBO BAG RED RETROSPOT,DOTCOM POSTAGE,JUMBO BAG WOODLAND ANIMALS",273
"JUMBO BAG RED RETROSPOT,JUMBO BAG SCANDINAVIAN BLUE PAISLEY,JUMBO SHOPPER VINTAGE RED PAISLEY",277
"JUMBO BAG RED RETROSPOT,JUMBO BAG APPLES,JUMBO BAG PINK POLKADOT",293
"JUMBO BAG RED RETROSPOT,JUMBO BAG APPLES,JUMBO STORAGE BAG SUKI",284
"LUNCH BAG SPACEBOY DESIGN ,LUNCH BAG RED RETROSPOT,LUNCH BAG WOODLAND",307
"LUNCH BAG SPACEBOY DESIGN ,LUNCH BAG RED RETROSPOT,LUNCH BAG PINK POLKADOT",293
"LUNCH BAG SPACEBOY DESIGN ,LUNCH BAG RED RETROSPOT,LUNCH BAG CARS BLUE",296
"LUNCH BAG SPACEBOY DESIGN ,LUNCH BAG RED RETROSPOT,LUNCH BAG  BLACK SKULL.",318
"LUNCH BAG SPACEBOY DESIGN ,LUNCH BAG RED RETROSPOT,LUNCH BAG SUKI DESIGN ",286
"LUNCH BAG SPACEBOY DESIGN ,LUNCH BAG WOODLAND,LUNCH BAG RED RETROSPOT",307
"LUNCH BAG SPACEBOY DESIGN ,LUNCH BAG PINK POLKADOT,LUNCH BAG RED RETROSPOT",293
"LUNCH BAG SPACEBOY DESIGN ,LUNCH BAG CARS BLUE,LUNCH BAG RED RETROSPOT",296
"LUNCH BAG SPACEBOY DESIGN ,LUNCH BAG CARS BLUE,LUNCH BAG  BLACK SKULL.",286
"LUNCH BAG SPACEBOY DESIGN ,LUNCH BAG  BLACK SKULL.,LUNCH BAG RED RETROSPOT",318
"LUNCH BAG SPACEBOY DESIGN ,LUNCH BAG  BLACK SKULL.,LUNCH BAG CARS BLUE",286
"LUNCH BAG SPACEBOY DESIGN ,LUNCH BAG  BLACK SKULL.,LUNCH BAG SUKI DESIGN ",276
"LUNCH BAG SPACEBOY DESIGN ,LUNCH BAG SUKI DESIGN ,LUNCH BAG RED RETROSPOT",286
"LUNCH BAG SPACEBOY DESIGN ,LUNCH BAG SUKI DESIGN ,LUNCH BAG  BLACK SKULL.",276
"LUNCH BAG WOODLAND,LUNCH BAG RED RETROSPOT,LUNCH BAG SPACEBOY DESIGN ",307
"LUNCH BAG WOODLAND,LUNCH BAG RED RETROSPOT,LUNCH BAG PINK POLKADOT",286
"LUNCH BAG WOODLAND,LUNCH BAG RED RETROSPOT,LUNCH BAG CARS BLUE",283
"LUNCH BAG WOODLAND,LUNCH BAG RED RETROSPOT,LUNCH BAG  BLACK SKULL.",290
"LUNCH BAG WOODLAND,LUNCH BAG RED RETROSPOT,LUNCH BAG SUKI DESIGN ",276
"LUNCH BAG WOODLAND,LUNCH BAG SPACEBOY DESIGN ,LUNCH BAG RED RETROSPOT",307
"LUNCH BAG WOODLAND,LUNCH BAG PINK POLKADOT,LUNCH BAG RED RETROSPOT",286
"LUNCH BAG WOODLAND,LUNCH BAG CARS BLUE,LUNCH BAG RED RETROSPOT",283
"LUNCH BAG WOODLAND,LUNCH BAG  BLACK SKULL.,LUNCH BAG RED RETROSPOT",290
"LUNCH BAG WOODLAND,LUNCH BAG SUKI DESIGN ,LUNCH BAG RED RETROSPOT",276
"LUNCH BAG PINK POLKADOT,LUNCH BAG RED RETROSPOT,LUNCH BAG SPACEBOY DESIGN ",293
"LUNCH BAG PINK POLKADOT,LUNCH BAG RED RETROSPOT,LUNCH BAG WOODLAND",286
"LUNCH BAG PINK POLKADOT,LUNCH BAG RED RETROSPOT,LUNCH BAG CARS BLUE",325
"LUNCH BAG PINK POLKADOT,LUNCH BAG RED RETROSPOT,LUNCH BAG  BLACK SKULL.",362
"LUNCH BAG PINK POLKADOT,LUNCH BAG RED RETROSPOT,LUNCH BAG SUKI DESIGN ",297
"LUNCH BAG PINK POLKADOT,LUNCH BAG SPACEBOY DESIGN ,LUNCH BAG RED RETROSPOT",293
"LUNCH BAG PINK POLKADOT,LUNCH BAG WOODLAND,LUNCH BAG RED RETROSPOT",286
"LUNCH BAG PINK POLKADOT,LUNCH BAG CARS BLUE,LUNCH BAG RED RETROSPOT",325
"LUNCH BAG PINK POLKADOT,LUNCH BAG CARS BLUE,LUNCH BAG  BLACK SKULL.",311
"LUNCH BAG PINK POLKADOT,LUNCH BAG  BLACK SKULL.,LUNCH BAG RED RETROSPOT",362
"LUNCH BAG PINK POLKADOT,LUNCH BAG  BLACK SKULL.,LUNCH BAG CARS BLUE",311
"LUNCH BAG PINK POLKADOT,LUNCH BAG SUKI DESIGN ,LUNCH BAG RED RETROSPOT",297
"LUNCH BAG CARS BLUE,LUNCH BAG RED RETROSPOT,LUNCH BAG SPACEBOY DESIGN ",296
"LUNCH BAG CARS BLUE,LUNCH BAG RED RETROSPOT,LUNCH BAG WOODLAND",283
"LUNCH BAG CARS BLUE,LUNCH BAG RED RETROSPOT,LUNCH BAG PINK POLKADOT",325
"LUNCH BAG CARS BLUE,LUNCH BAG RED RETROSPOT,LUNCH BAG  BLACK SKULL.",324
"LUNCH BAG CARS BLUE,LUNCH BAG RED RETROSPOT,LUNCH BAG SUKI DESIGN ",298
"LUNCH BAG CARS BLUE,LUNCH BAG SPACEBOY DESIGN ,LUNCH BAG RED RETROSPOT",296
"LUNCH BAG CARS BLUE,LUNCH BAG SPACEBOY DESIGN ,LUNCH BAG  BLACK SKULL.",286
"LUNCH BAG CARS BLUE,LUNCH BAG WOODLAND,LUNCH BAG RED RETROSPOT",283
"LUNCH BAG CARS BLUE,LUNCH BAG PINK POLKADOT,LUNCH BAG RED RETROSPOT",325
"LUNCH BAG CARS BLUE,LUNCH BAG PINK POLKADOT,LUNCH BAG  BLACK SKULL.",311
"LUNCH BAG CARS BLUE,LUNCH BAG  BLACK SKULL.,LUNCH BAG RED RETROSPOT",324
"LUNCH BAG CARS BLUE,LUNCH BAG  BLACK SKULL.,LUNCH BAG SPACEBOY DESIGN ",286
"LUNCH BAG CARS BLUE,LUNCH BAG  BLACK SKULL.,LUNCH BAG PINK POLKADOT",311
"LUNCH BAG CARS BLUE,LUNCH BAG  BLACK SKULL.,LUNCH BAG SUKI DESIGN ",284
"LUNCH BAG CARS BLUE,LUNCH BAG SUKI DESIGN ,LUNCH BAG RED RETROSPOT",298
"LUNCH BAG CARS BLUE,LUNCH BAG SUKI DESIGN ,LUNCH BAG  BLACK SKULL.",284
"LUNCH BAG  BLACK SKULL.,LUNCH BAG RED RETROSPOT,LUNCH BAG SPACEBOY DESIGN ",318
"LUNCH BAG  BLACK SKULL.,LUNCH BAG RED RETROSPOT,LUNCH BAG WOODLAND",290
"LUNCH BAG  BLACK SKULL.,LUNCH BAG RED RETROSPOT,LUNCH BAG PINK POLKADOT",362
"LUNCH BAG  BLACK SKULL.,LUNCH BAG RED RETROSPOT,LUNCH BAG CARS BLUE",324
"LUNCH BAG  BLACK SKULL.,LUNCH BAG RED RETROSPOT,LUNCH BAG SUKI DESIGN ",326
"LUNCH BAG  BLACK SKULL.,LUNCH BAG RED RETROSPOT,LUNCH BAG APPLE DESIGN",272
"LUNCH BAG  BLACK SKULL.,LUNCH BAG SPACEBOY DESIGN ,LUNCH BAG RED RETROSPOT",318
"LUNCH BAG  BLACK SKULL.,LUNCH BAG SPACEBOY DESIGN ,LUNCH BAG CARS BLUE",286
"LUNCH BAG  BLACK SKULL.,LUNCH BAG SPACEBOY DESIGN ,LUNCH BAG SUKI DESIGN ",276
"LUNCH BAG  BLACK SKULL.,LUNCH BAG WOODLAND,LUNCH BAG RED RETROSPOT",290
"LUNCH BAG  BLACK SKULL.,LUNCH BAG PINK POLKADOT,LUNCH BAG RED RETROSPOT",362
"LUNCH BAG  BLACK SKULL.,LUNCH BAG PINK POLKADOT,LUNCH BAG CARS BLUE",311
"LUNCH BAG  BLACK SKULL.,LUNCH BAG CARS BLUE,LUNCH BAG RED RETROSPOT",324
"LUNCH BAG  BLACK SKULL.,LUNCH BAG CARS BLUE,LUNCH BAG SPACEBOY DESIGN ",286
"LUNCH BAG  BLACK SKULL.,LUNCH BAG CARS BLUE,LUNCH BAG PINK POLKADOT",311
"LUNCH BAG  BLACK SKULL.,LUNCH BAG CARS BLUE,LUNCH BAG SUKI DESIGN ",284
"LUNCH BAG  BLACK SKULL.,LUNCH BAG SUKI DESIGN ,LUNCH BAG RED RETROSPOT",326
"LUNCH BAG  BLACK SKULL.,LUNCH BAG SUKI DESIGN ,LUNCH BAG SPACEBOY DESIGN ",276
"LUNCH BAG  BLACK SKULL.,LUNCH BAG SUKI DESIGN ,LUNCH BAG CARS BLUE",284
"LUNCH BAG  BLACK SKULL.,LUNCH BAG APPLE DESIGN,LUNCH BAG RED RETROSPOT",272
"JUMBO BAG STRAWBERRY,JUMBO BAG PINK POLKADOT,JUMBO BAG RED RETROSPOT",280
"JUMBO BAG STRAWBERRY,JUMBO BAG RED RETROSPOT,JUMBO BAG PINK POLKADOT",280
"REGENCY CAKESTAND 3 TIER,ROSES REGENCY TEACUP AND SAUCER ,GREEN REGENCY TEACUP AND SAUCER",412
"REGENCY CAKESTAND 3 TIER,ROSES REGENCY TEACUP AND SAUCER ,PINK REGENCY TEACUP AND SAUCER",337
"REGENCY CAKESTAND 3 TIER,GREEN REGENCY TEACUP AND SAUCER,ROSES REGENCY TEACUP AND SAUCER ",412
"REGENCY CAKESTAND 3 TIER,GREEN REGENCY TEACUP AND SAUCER,PINK REGENCY TEACUP AND SAUCER",346
"REGENCY CAKESTAND 3 TIER,PINK REGENCY TEACUP AND SAUCER,ROSES REGENCY TEACUP AND SAUCER ",337
"REGENCY CAKESTAND 3 TIER,PINK REGENCY TEACUP AND SAUCER,GREEN REGENCY TEACUP AND SAUCER",346
"ROSES REGENCY TEACUP AND SAUCER ,REGENCY CAKESTAND 3 TIER,GREEN REGENCY TEACUP AND SAUCER",412
"ROSES REGENCY TEACUP AND SAUCER ,REGENCY CAKESTAND 3 TIER,PINK REGENCY TEACUP AND SAUCER",337
"ROSES REGENCY TEACUP AND SAUCER ,GREEN REGENCY TEACUP AND SAUCER,REGENCY CAKESTAND 3 TIER",412
"ROSES REGENCY TEACUP AND SAUCER ,GREEN REGENCY TEACUP AND SAUCER,PINK REGENCY TEACUP AND SAUCER",549
"ROSES REGENCY TEACUP AND SAUCER ,PINK REGENCY TEACUP AND SAUCER,REGENCY CAKESTAND 3 TIER",337
"ROSES REGENCY TEACUP AND SAUCER ,PINK REGENCY TEACUP AND SAUCER,GREEN REGENCY TEACUP AND SAUCER",549
"GREEN REGENCY TEACUP AND SAUCER,REGENCY CAKESTAND 3 TIER,ROSES REGENCY TEACUP AND SAUCER ",412
"GREEN REGENCY TEACUP AND SAUCER,REGENCY CAKESTAND 3 TIER,PINK REGENCY TEACUP AND SAUCER",346
"GREEN REGENCY TEACUP AND SAUCER,ROSES REGENCY TEACUP AND SAUCER ,REGENCY CAKESTAND 3 TIER",412
"GREEN REGENCY TEACUP AND SAUCER,ROSES REGENCY TEACUP AND SAUCER ,PINK REGENCY TEACUP AND SAUCER",549
"GREEN REGENCY TEACUP AND SAUCER,PINK REGENCY TEACUP AND SAUCER,REGENCY CAKESTAND 3 TIER",346
"GREEN REGENCY TEACUP AND SAUCER,PINK REGENCY TEACUP AND SAUCER,ROSES REGENCY TEACUP AND SAUCER ",549
"JUMBO BAG WOODLAND ANIMALS,JUMBO BAG PINK POLKADOT,JUMBO STORAGE BAG SUKI",279
"JUMBO BAG WOODLAND ANIMALS,JUMBO BAG PINK POLKADOT,JUMBO BAG RED RETROSPOT",343
"JUMBO BAG WOODLAND ANIMALS,JUMBO STORAGE BAG SUKI,JUMBO BAG PINK POLKADOT",279
"JUMBO BAG WOODLAND ANIMALS,JUMBO STORAGE BAG SUKI,JUMBO SHOPPER VINTAGE RED PAISLEY",275
"JUMBO BAG WOODLAND ANIMALS,JUMBO STORAGE BAG SUKI,JUMBO BAG RED RETROSPOT",328
"JUMBO BAG WOODLAND ANIMALS,JUMBO SHOPPER VINTAGE RED PAISLEY,JUMBO STORAGE BAG SUKI",275
"JUMBO BAG WOODLAND ANIMALS,JUMBO SHOPPER VINTAGE RED PAISLEY,JUMBO BAG RED RETROSPOT",297
"JUMBO BAG WOODLAND ANIMALS,JUMBO BAG RED RETROSPOT,JUMBO BAG PINK POLKADOT",343
"JUMBO BAG WOODLAND ANIMALS,JUMBO BAG RED RETROSPOT,JUMBO STORAGE BAG SUKI",328
"JUMBO BAG WOODLAND ANIMALS,JUMBO BAG RED RETROSPOT,JUMBO SHOPPER VINTAGE RED PAISLEY",297
"JUMBO BAG WOODLAND ANIMALS,JUMBO BAG RED RETROSPOT,DOTCOM POSTAGE",273
"JUMBO BAG WOODLAND ANIMALS,DOTCOM POSTAGE,JUMBO BAG RED RETROSPOT",273
"CHARLOTTE BAG SUKI DESIGN,STRAWBERRY CHARLOTTE BAG,CHARLOTTE BAG PINK POLKADOT",273
"CHARLOTTE BAG SUKI DESIGN,STRAWBERRY CHARLOTTE BAG,WOODLAND CHARLOTTE BAG",304
"CHARLOTTE BAG SUKI DESIGN,STRAWBERRY CHARLOTTE BAG,RED RETROSPOT CHARLOTTE BAG",336
"CHARLOTTE BAG SUKI DESIGN,CHARLOTTE BAG PINK POLKADOT,STRAWBERRY CHARLOTTE BAG",273
"CHARLOTTE BAG SUKI DESIGN,CHARLOTTE BAG PINK POLKADOT,WOODLAND CHARLOTTE BAG",294
"CHARLOTTE BAG SUKI DESIGN,CHARLOTTE BAG PINK POLKADOT,RED RETROSPOT CHARLOTTE BAG",332
"CHARLOTTE BAG SUKI DESIGN,WOODLAND CHARLOTTE BAG,STRAWBERRY CHARLOTTE BAG",304
"CHARLOTTE BAG SUKI DESIGN,WOODLAND CHARLOTTE BAG,CHARLOTTE BAG PINK POLKADOT",294
"CHARLOTTE BAG SUKI DESIGN,WOODLAND CHARLOTTE BAG,RED RETROSPOT CHARLOTTE BAG",337
"CHARLOTTE BAG SUKI DESIGN,RED RETROSPOT CHARLOTTE BAG,STRAWBERRY CHARLOTTE BAG",336
"CHARLOTTE BAG SUKI DESIGN,RED RETROSPOT CHARLOTTE BAG,CHARLOTTE BAG PINK POLKADOT",332
"CHARLOTTE BAG SUKI DESIGN,RED RETROSPOT CHARLOTTE BAG,WOODLAND CHARLOTTE BAG",337
"CHARLOTTE BAG PINK POLKADOT,STRAWBERRY CHARLOTTE BAG,CHARLOTTE BAG SUKI DESIGN",273
"CHARLOTTE BAG PINK POLKADOT,STRAWBERRY CHARLOTTE BAG,RED RETROSPOT CHARLOTTE BAG",328
"CHARLOTTE BAG PINK POLKADOT,CHARLOTTE BAG SUKI DESIGN,STRAWBERRY CHARLOTTE BAG",273
"CHARLOTTE BAG PINK POLKADOT,CHARLOTTE BAG SUKI DESIGN,WOODLAND CHARLOTTE BAG",294
"CHARLOTTE BAG PINK POLKADOT,CHARLOTTE BAG SUKI DESIGN,RED RETROSPOT CHARLOTTE BAG",332
"CHARLOTTE BAG PINK POLKADOT,WOODLAND CHARLOTTE BAG,CHARLOTTE BAG SUKI DESIGN",294
"CHARLOTTE BAG PINK POLKADOT,WOODLAND CHARLOTTE BAG,RED RETROSPOT CHARLOTTE BAG",326
"CHARLOTTE BAG PINK POLKADOT,RED RETROSPOT CHARLOTTE BAG,STRAWBERRY CHARLOTTE BAG",328
"CHARLOTTE BAG PINK POLKADOT,RED RETROSPOT CHARLOTTE BAG,CHARLOTTE BAG SUKI DESIGN",332
"CHARLOTTE BAG PINK POLKADOT,RED RETROSPOT CHARLOTTE BAG,WOODLAND CHARLOTTE BAG",326
"DOTCOM POSTAGE,JUMBO BAG PINK POLKADOT,JUMBO BAG RED RETROSPOT",277
"DOTCOM POSTAGE,JUMBO STORAGE BAG SUKI,JUMBO BAG RED RETROSPOT",288
"DOTCOM POSTAGE,JUMBO SHOPPER VINTAGE RED PAISLEY,JUMBO BAG RED RETROSPOT",280
"DOTCOM POSTAGE,JUMBO BAG RED RETROSPOT,JUMBO BAG PINK POLKADOT",277
"DOTCOM POSTAGE,JUMBO BAG RED RETROSPOT,JUMBO STORAGE BAG SUKI",288
"DOTCOM POSTAGE,JUMBO BAG RED RETROSPOT,JUMBO SHOPPER VINTAGE RED PAISLEY",280
"DOTCOM POSTAGE,JUMBO BAG RED RETROSPOT,JUMBO BAG WOODLAND ANIMALS",273
"DOTCOM POSTAGE,JUMBO BAG WOODLAND ANIMALS,JUMBO BAG RED RETROSPOT",273
"WOODLAND CHARLOTTE BAG,STRAWBERRY CHARLOTTE BAG,CHARLOTTE BAG SUKI DESIGN",304
"WOODLAND CHARLOTTE BAG,STRAWBERRY CHARLOTTE BAG,RED RETROSPOT CHARLOTTE BAG",328
"WOODLAND CHARLOTTE BAG,CHARLOTTE BAG SUKI DESIGN,STRAWBERRY CHARLOTTE BAG",304
"WOODLAND CHARLOTTE BAG,CHARLOTTE BAG SUKI DESIGN,CHARLOTTE BAG PINK POLKADOT",294
"WOODLAND CHARLOTTE BAG,CHARLOTTE BAG SUKI DESIGN,RED RETROSPOT CHARLOTTE BAG",337
"WOODLAND CHARLOTTE BAG,CHARLOTTE BAG PINK POLKADOT,CHARLOTTE BAG SUKI DESIGN",294
"WOODLAND CHARLOTTE BAG,CHARLOTTE BAG PINK POLKADOT,RED RETROSPOT CHARLOTTE BAG",326
"WOODLAND CHARLOTTE BAG,RED RETROSPOT CHARLOTTE BAG,STRAWBERRY CHARLOTTE BAG",328
"WOODLAND CHARLOTTE BAG,RED RETROSPOT CHARLOTTE BAG,CHARLOTTE BAG SUKI DESIGN",337
"WOODLAND CHARLOTTE BAG,RED RETROSPOT CHARLOTTE BAG,CHARLOTTE BAG PINK POLKADOT",326
"RED RETROSPOT CHARLOTTE BAG,STRAWBERRY CHARLOTTE BAG,CHARLOTTE BAG SUKI DESIGN",336
"RED RETROSPOT CHARLOTTE BAG,STRAWBERRY CHARLOTTE BAG,CHARLOTTE BAG PINK POLKADOT",328
"RED RETROSPOT CHARLOTTE BAG,STRAWBERRY CHARLOTTE BAG,WOODLAND CHARLOTTE BAG",328
"RED RETROSPOT CHARLOTTE BAG,CHARLOTTE BAG SUKI DESIGN,STRAWBERRY CHARLOTTE BAG",336
"RED RETROSPOT CHARLOTTE BAG,CHARLOTTE BAG SUKI DESIGN,CHARLOTTE BAG PINK POLKADOT",332
"RED RETROSPOT CHARLOTTE BAG,CHARLOTTE BAG SUKI DESIGN,WOODLAND CHARLOTTE BAG",337
"RED RETROSPOT CHARLOTTE BAG,CHARLOTTE BAG PINK POLKADOT,STRAWBERRY CHARLOTTE BAG",328
"RED RETROSPOT CHARLOTTE BAG,CHARLOTTE BAG PINK POLKADOT,CHARLOTTE BAG SUKI DESIGN",332
"RED RETROSPOT CHARLOTTE BAG,CHARLOTTE BAG PINK POLKADOT,WOODLAND CHARLOTTE BAG",326
"RED RETROSPOT CHARLOTTE BAG,WOODLAND CHARLOTTE BAG,STRAWBERRY CHARLOTTE BAG",328
"RED RETROSPOT CHARLOTTE BAG,WOODLAND CHARLOTTE BAG,CHARLOTTE BAG SUKI DESIGN",337
"RED RETROSPOT CHARLOTTE BAG,WOODLAND CHARLOTTE BAG,CHARLOTTE BAG PINK POLKADOT",326
"PINK REGENCY TEACUP AND SAUCER,REGENCY CAKESTAND 3 TIER,ROSES REGENCY TEACUP AND SAUCER ",337
"PINK REGENCY TEACUP AND SAUCER,REGENCY CAKESTAND 3 TIER,GREEN REGENCY TEACUP AND SAUCER",346
"PINK REGENCY TEACUP AND SAUCER,ROSES REGENCY TEACUP AND SAUCER ,REGENCY CAKESTAND 3 TIER",337
"PINK REGENCY TEACUP AND SAUCER,ROSES REGENCY TEACUP AND SAUCER ,GREEN REGENCY TEACUP AND SAUCER",549
"PINK REGENCY TEACUP AND SAUCER,GREEN REGENCY TEACUP AND SAUCER,REGENCY CAKESTAND 3 TIER",346
"PINK REGENCY TEACUP AND SAUCER,GREEN REGENCY TEACUP AND SAUCER,ROSES REGENCY TEACUP AND SAUCER ",549
"LUNCH BAG SUKI DESIGN ,LUNCH BAG RED RETROSPOT,LUNCH BAG SPACEBOY DESIGN ",286
"LUNCH BAG SUKI DESIGN ,LUNCH BAG RED RETROSPOT,LUNCH BAG WOODLAND",276
"LUNCH BAG SUKI DESIGN ,LUNCH BAG RED RETROSPOT,LUNCH BAG PINK POLKADOT",297
"LUNCH BAG SUKI DESIGN ,LUNCH BAG RED RETROSPOT,LUNCH BAG CARS BLUE",298
"LUNCH BAG SUKI DESIGN ,LUNCH BAG RED RETROSPOT,LUNCH BAG  BLACK SKULL.",326
"LUNCH BAG SUKI DESIGN ,LUNCH BAG RED RETROSPOT,LUNCH BAG APPLE DESIGN",284
"LUNCH BAG SUKI DESIGN ,LUNCH BAG SPACEBOY DESIGN ,LUNCH BAG RED RETROSPOT",286
"LUNCH BAG SUKI DESIGN ,LUNCH BAG SPACEBOY DESIGN ,LUNCH BAG  BLACK SKULL.",276
"LUNCH BAG SUKI DESIGN ,LUNCH BAG WOODLAND,LUNCH BAG RED RETROSPOT",276
"LUNCH BAG SUKI DESIGN ,LUNCH BAG PINK POLKADOT,LUNCH BAG RED RETROSPOT",297
"LUNCH BAG SUKI DESIGN ,LUNCH BAG CARS BLUE,LUNCH BAG RED RETROSPOT",298
"LUNCH BAG SUKI DESIGN ,LUNCH BAG CARS BLUE,LUNCH BAG  BLACK SKULL.",284
"LUNCH BAG SUKI DESIGN ,LUNCH BAG  BLACK SKULL.,LUNCH BAG RED RETROSPOT",326
"LUNCH BAG SUKI DESIGN ,LUNCH BAG  BLACK SKULL.,LUNCH BAG SPACEBOY DESIGN ",276
"LUNCH BAG SUKI DESIGN ,LUNCH BAG  BLACK SKULL.,LUNCH BAG CARS BLUE",284
"LUNCH BAG SUKI DESIGN ,LUNCH BAG APPLE DESIGN,LUNCH BAG RED RETROSPOT",284
"JUMBO BAG SCANDINAVIAN BLUE PAISLEY,JUMBO SHOPPER VINTAGE RED PAISLEY,JUMBO BAG RED RETROSPOT",277
"JUMBO BAG SCANDINAVIAN BLUE PAISLEY,JUMBO BAG RED RETROSPOT,JUMBO SHOPPER VINTAGE RED PAISLEY",277
"JUMBO BAG APPLES,JUMBO BAG PINK POLKADOT,JUMBO BAG RED RETROSPOT",293
"JUMBO BAG APPLES,JUMBO STORAGE BAG SUKI,JUMBO BAG RED RETROSPOT",284
"JUMBO BAG APPLES,JUMBO BAG RED RETROSPOT,JUMBO BAG PINK POLKADOT",293
"JUMBO BAG APPLES,JUMBO BAG RED RETROSPOT,JUMBO STORAGE BAG SUKI",284
"LUNCH BAG APPLE DESIGN,LUNCH BAG RED RETROSPOT,LUNCH BAG  BLACK SKULL.",272
"LUNCH BAG APPLE DESIGN,LUNCH BAG RED RETROSPOT,LUNCH BAG SUKI DESIGN ",284
"LUNCH BAG APPLE DESIGN,LUNCH BAG  BLACK SKULL.,LUNCH BAG RED RETROSPOT",272
"LUNCH BAG APPLE DESIGN,LUNCH BAG SUKI DESIGN ,LUNCH BAG RED RETROSPOT",284
"REGENCY CAKESTAND 3 TIER,ROSES REGENCY TEACUP AND SAUCER ,GREEN REGENCY TEACUP AND SAUCER,PINK REGENCY TEACUP AND SAUCER",303
"REGENCY CAKESTAND 3 TIER,ROSES REGENCY TEACUP AND SAUCER ,PINK REGENCY TEACUP AND SAUCER,GREEN REGENCY TEACUP AND SAUCER",303
"REGENCY CAKESTAND 3 TIER,GREEN REGENCY TEACUP AND SAUCER,ROSES REGENCY TEACUP AND SAUCER ,PINK REGENCY TEACUP AND SAUCER",303
"REGENCY CAKESTAND 3 TIER,GREEN REGENCY TEACUP AND SAUCER,PINK REGENCY TEACUP AND SAUCER,ROSES REGENCY TEACUP AND SAUCER ",303
"REGENCY CAKESTAND 3 TIER,PINK REGENCY TEACUP AND SAUCER,ROSES REGENCY TEACUP AND SAUCER ,GREEN REGENCY TEACUP AND SAUCER",303
"REGENCY CAKESTAND 3 TIER,PINK REGENCY TEACUP AND SAUCER,GREEN REGENCY TEACUP AND SAUCER,ROSES REGENCY TEACUP AND SAUCER ",303
"ROSES REGENCY TEACUP AND SAUCER ,REGENCY CAKESTAND 3 TIER,GREEN REGENCY TEACUP AND SAUCER,PINK REGENCY TEACUP AND SAUCER",303
"ROSES REGENCY TEACUP AND SAUCER ,REGENCY CAKESTAND 3 TIER,PINK REGENCY TEACUP AND SAUCER,GREEN REGENCY TEACUP AND SAUCER",303
"ROSES REGENCY TEACUP AND SAUCER ,GREEN REGENCY TEACUP AND SAUCER,REGENCY CAKESTAND 3 TIER,PINK REGENCY TEACUP AND SAUCER",303
"ROSES REGENCY TEACUP AND SAUCER ,GREEN REGENCY TEACUP AND SAUCER,PINK REGENCY TEACUP AND SAUCER,REGENCY CAKESTAND 3 TIER",303
"ROSES REGENCY TEACUP AND SAUCER ,PINK REGENCY TEACUP AND SAUCER,REGENCY CAKESTAND 3 TIER,GREEN REGENCY TEACUP AND SAUCER",303
"ROSES REGENCY TEACUP AND SAUCER ,PINK REGENCY TEACUP AND SAUCER,GREEN REGENCY TEACUP AND SAUCER,REGENCY CAKESTAND 3 TIER",303
"GREEN REGENCY TEACUP AND SAUCER,REGENCY CAKESTAND 3 TIER,ROSES REGENCY TEACUP AND SAUCER ,PINK REGENCY TEACUP AND SAUCER",303
"GREEN REGENCY TEACUP AND SAUCER,REGENCY CAKESTAND 3 TIER,PINK REGENCY TEACUP AND SAUCER,ROSES REGENCY TEACUP AND SAUCER ",303
"GREEN REGENCY TEACUP AND SAUCER,ROSES REGENCY TEACUP AND SAUCER ,REGENCY CAKESTAND 3 TIER,PINK REGENCY TEACUP AND SAUCER",303
"GREEN REGENCY TEACUP AND SAUCER,ROSES REGENCY TEACUP AND SAUCER ,PINK REGENCY TEACUP AND SAUCER,REGENCY CAKESTAND 3 TIER",303
"GREEN REGENCY TEACUP AND SAUCER,PINK REGENCY TEACUP AND SAUCER,REGENCY CAKESTAND 3 TIER,ROSES REGENCY TEACUP AND SAUCER ",303
"GREEN REGENCY TEACUP AND SAUCER,PINK REGENCY TEACUP AND SAUCER,ROSES REGENCY TEACUP AND SAUCER ,REGENCY CAKESTAND 3 TIER",303
"PINK REGENCY TEACUP AND SAUCER,REGENCY CAKESTAND 3 TIER,ROSES REGENCY TEACUP AND SAUCER ,GREEN REGENCY TEACUP AND SAUCER",303
"PINK REGENCY TEACUP AND SAUCER,REGENCY CAKESTAND 3 TIER,GREEN REGENCY TEACUP AND SAUCER,ROSES REGENCY TEACUP AND SAUCER ",303
"PINK REGENCY TEACUP AND SAUCER,ROSES REGENCY TEACUP AND SAUCER ,REGENCY CAKESTAND 3 TIER,GREEN REGENCY TEACUP AND SAUCER",303
"PINK REGENCY TEACUP AND SAUCER,ROSES REGENCY TEACUP AND SAUCER ,GREEN REGENCY TEACUP AND SAUCER,REGENCY CAKESTAND 3 TIER",303
"PINK REGENCY TEACUP AND SAUCER,GREEN REGENCY TEACUP AND SAUCER,REGENCY CAKESTAND 3 TIER,ROSES REGENCY TEACUP AND SAUCER ",303
"PINK REGENCY TEACUP AND SAUCER,GREEN REGENCY TEACUP AND SAUCER,ROSES REGENCY TEACUP AND SAUCER ,REGENCY CAKESTAND 3 TIER",303
